job_subdirno,job_card_link
0,https://www.zhipin.com/job_detail/1c8aeffc3f455b5e03Ry3Nu_EFJQ.html?lid=6HEiY9fwdJQ.search.1&securityId=7FvdZ63va0Riz-71X_xZ37X5Auf82Tk8ES8pAWj5My7G8OWmRFU6h1u3LXgjkzQUPHHhll2lOuhUtCuN2RAf-fbXVo8pMBhtra_OPNIOUlGBJ49vh02HHyDXcV7MTDAaUzm2HjQS8nBSZg~~&sessionId=
0,https://www.zhipin.com/job_detail/7a7a2fa99f689b0803Ry0t64E1FR.html?lid=6HEiY9fwdJQ.search.2&securityId=SfxeUMoI6K5fn-Q1GrqUNS-0J2Vb_cZZFHhZeMGwgEIhIE0b_VRyyhP8yJH_xgsRqz-0tkYGvOhz8Nge-nY4AE_yyEurlmUxE2VNXKdfwoYXmYbagiZXGhFkP3eIvt0wg0S0SyLFcD657w~~&sessionId=
0,https://www.zhipin.com/job_detail/f9ab187ce43226e00Hx90ty7Flo~.html?lid=6HEiY9fwdJQ.search.3&securityId=M6C3SEx7gT2pO-s1WgsCUWJMWzdts7RCTW04GcgnzpDl9uKTetsV7IjPsJzP_BX4eVYNBgIcFlWeiWEc6lORiHrDc70xZGh-eb79LJP4sRPGHbIAXasWsZvCgP2MeP4SSZ7Qg4Wf3RI~&sessionId=
0,https://www.zhipin.com/job_detail/4add653b6687cac61nN_3NS-FVFZ.html?lid=6HEiY9fwdJQ.search.4&securityId=xLIxZCTQyjBxb-81TfnT1EKorRmUrlFHBjxsuRp9AIHcm-ztnXPajm8ypS-3kkfHfrhriT_2CZRoEx_8mO_zco7jefsYyzIlueUQuWgoCYnPiJLTy6V5SUCsaoXOHNpUvKIoOsTjUBPa&sessionId=
0,https://www.zhipin.com/job_detail/dffff90d8bd385da03R-39u8EVpW.html?lid=6HEiY9fwdJQ.search.5&securityId=nhHwX1WVUrpur-A112ybP_0rIrLY1PzYGITNKAJ2qk8Lz6u-d7mRhbbtubuQakL_MTyXhY5KysAtEmOn2qM0q5ndN-4q_bXuFq9kRk3R3MDWF1-umR47SyO9yfp7pUMkm4838rYkdZk~&sessionId=
0,https://www.zhipin.com/job_detail/c9b9648eac5ea49a1H183ty5E1ZX.html?lid=6HEiY9fwdJQ.search.6&securityId=OMsYmiY4UPfTD-W1aVowKO7xIKSyB7gg1fr76is_1XxiSWz79KlYHkBB8yaO4nEzc1ChSu9g4z_Y8gsW_sUAHi1CpNLtQYKwto0jbnwbhBBhbjaTIQI-HERwBKu5bfXankRpf7unIoDcvVY~&sessionId=
0,https://www.zhipin.com/job_detail/6fd26a5989cd030e0XJ43N6_EFo~.html?lid=6HEiY9fwdJQ.search.7&securityId=Ca5ZohGAWLKre-y1j5AeOjHuxAw9h6m_L3m5b1XgOvjhJ1hVVQShNUynOAMP7QekzucfBLTOZ2cTYHu8WtoIQ0gK5AgXc2qmpIS2OPsxa1UG6z-CHWWzIGi-sUg5UqSeRvw8fMsb-do~&sessionId=
0,https://www.zhipin.com/job_detail/f22602ea141ccfb61Hx82tm-FFdR.html?lid=6HEiY9fwdJQ.search.8&securityId=DMiOBKqS7YTLF-l164CZLMGUbAsyyk37GfsP1RPQOBldEiXO7JRWdRbk2jcrR6B5NTSksgzwwYKYSZ7WjqLKqMdtcD6pTFF7UGybhxCql6aSKiQF1tSi9Npco7cyvMYYyegJoBmy0EVdzyU~&sessionId=
0,https://www.zhipin.com/job_detail/f9f853d7c2a0c14503R42dW4EFFY.html?lid=6HEiY9fwdJQ.search.9&securityId=2bURf6dzBQ0vr-y1B7bgCeyKeogQRlxEofMWN0zqFBhsaRT2HkNORnjg5FVNAIN5K8yGgy5fDcrE2c2tXSBmh5-6hOAdB6SBCw55Yy2cxSsleK4qL_OyT105aF2YhC7TaqTmKJuQtlimQg~~&sessionId=
0,https://www.zhipin.com/job_detail/92a618dfaee8142003R92tm-F1RW.html?lid=6HEiY9fwdJQ.search.10&securityId=f20vWyzC7pG67-C1EDxzk7bEymAjznQeWN9MLVVKwmY1QvJAQ-7yo-gksL4Fa5XDK994EMer5stC1fesHWhYQw9eEf3PY36YiZxff2Tsv8LyWAbsqKygKFJrqHPWQYQTUfQigdjUKqs~&sessionId=
0,https://www.zhipin.com/job_detail/fa80793149ef7a011H1z2dS9FFBX.html?lid=6HEiY9fwdJQ.search.11&securityId=PPV1NoGwj9s1c-c1eeMq4OjPmxk6FWCfS71DvJVsNT7Gtinkb3KYvInwUw7ChYodWVa-ShmxhKwa-zsmTJhQjjgYJEfF0aPmYU0D6VJUom4p7ZvlB6lb-3NDRpWD72gqtHHAidQYsveBYqtc7DBHeGTalJtLWNCTa3VZci55VmP3hcXa5GU~&sessionId=
0,https://www.zhipin.com/job_detail/2eb375fa40b378f31HNz2929EFNY.html?lid=6HEiY9fwdJQ.search.12&securityId=mJIANDensYMDU-v1igkhbLsd84AWlmg-PhtiPOuXLCd5ep7BTwGoG2FYtNU-NsQ-gnvWIt4_z9MaGVJTMlPTiirL_RYdAOcDPxFmK_eVRma7_kAif2tlVEz43GskH-7T1tmpplOQ2m5l7A~~&sessionId=
0,https://www.zhipin.com/job_detail/2c2c5ebb77b9a3f51Hd839m1FFBQ.html?lid=6HEiY9fwdJQ.search.13&securityId=cb_NdSxcrJh0M-p1RcNFdvFX3oAdS_y8r0VbaaLbpkK0KqCTN2T0iAdSBt2EWnV0vgmrpjliBddWKDDesQMeFtUUpGF3_Wj5E75e3gJMnAEtK8k3Wsw-Joof3BudmMxbltE6hw_nWlQCeg~~&sessionId=
0,https://www.zhipin.com/job_detail/ad7dce3e9bc9c0541H193dy0FVVZ.html?lid=6HEiY9fwdJQ.search.14&securityId=bmixouBXA3GNs-I1hI_-ps4hGv6KF8jQt_oPyfKQNddDXk-Sb32uRPuVe-LAybI5K5AmTSsBSZOhYnAOe09q_fBWZKHvMNKcBtnJNCQkZ_CzPyYYJMSb5jtLSLtZAxCUPBfS6IwwvPyM1hgsCfc5MI_rp56DMoa9bilveO0Wqz4QfUfLqg~~&sessionId=
0,https://www.zhipin.com/job_detail/81b266306bb3ba0703R-0t26GFFV.html?lid=6HEiY9fwdJQ.search.15&securityId=rFGF9AhEksR6w-x1VfPboWLlDjQlDXeqm-rEg-KGOnkgpj4iYOq6wCrULyXOkuV_SmPGtdjbpBihXuClrjwVIc2cQ2ZYozEA151JF4D11hnKJrlGwMGzU7Q7H6IlB4OghXmbyCLSUpTiEC4h0HWJB2P9T8XShp63Mu8Dmy_5ZFumvts~&sessionId=
0,https://www.zhipin.com/job_detail/335a9c4a5e4a7c841nx709W4GVZX.html?lid=6HEiY9fwdJQ.search.16&securityId=ZH8chhBWrQbhf-N1SWj4waxLs_1Mfos9gwufVeJ_b-qlH1D9F8CclncR5jboxNTbdrg8ZQes0IynqiGNCwgwzwkoZ1UrzeD6N0fXLMtlMGlvIIiDCyQOXTIl6M1MtGPRYPwKm3Xc_AgXkA~~&sessionId=
0,https://www.zhipin.com/job_detail/9dd50ffe657a2c1f1HN50ti0F1JQ.html?lid=6HEiY9fwdJQ.search.17&securityId=869R42ZnHZuy3-k1DzFdY88CP44LolJXYz2_OFiSyWDRWDxF13gjFjuINbMEfGX7P7tlqHzdZm5K2OKl--PlEMGqtogC3dXlJMqfwhvugsEtGlFlPqGAnfqhmIfpJgdGZ0x5M4FMJxmoDrw~&sessionId=
0,https://www.zhipin.com/job_detail/8d7701e82863ea301HF62dq8FVFZ.html?lid=6HEiY9fwdJQ.search.18&securityId=KunPLGRJaUFfe-a1Q3_YuEowFiT0YeexVAfADxtjfF8hy__BpfRNAQmsekACCbfdP147HmZHbxbBsEHBTrxi8FzQOu88-QVkFQJX2nrZE5ruWmgnMBDwoEzFFQ9Qyr4SJfa_vep-fG8FNw~~&sessionId=
0,https://www.zhipin.com/job_detail/4fb453ddb533dfd31XR82t-9FFVW.html?lid=6HEiY9fwdJQ.search.19&securityId=xy45nv8SzyOTy-W12bM4qpPw-G4mQ6G8g1BUc_dsgX6tENHzzRdoU0knviks5z-Bf0Tzvc_Axx2reUc_swBuuwXeLEyDMzWa7tE8E7jR5NBrpKtK--PQBZQzksJWpbUDnRs_xIjgoHU~&sessionId=
0,https://www.zhipin.com/job_detail/039c2df68e1bf9b31Hx92NS5EFNX.html?lid=6HEiY9fwdJQ.search.20&securityId=pTJUfuRRJiJ4G-Q1Q6pyqZ_1oGcx8zWGwtT2EQHzQdCXHbje5cChkOBfi9t7EjViMaAcTenFs_YJecawJBLOrk4ZKNgyeswvzgLOGAM8afShXS45pvTW3X_TOtDmtyI5wTi3dVvuMac~&sessionId=
0,https://www.zhipin.com/job_detail/09a47385429e6e1b03R92d24FFBV.html?lid=6HEiY9fwdJQ.search.21&securityId=yYPRhhuRuMtYH-e1N8tAnQ9fSO5LZlkvu37-YwOZB-W6VdScO6YSpJpokt0FwnMrXQK-aY_LxM4K8jclHBwz7gISsjN-kYKW4Bdc6NSodTm62ui5CGdWzrwSB8RWE4ZS_8BYAUdCGJxL&sessionId=
0,https://www.zhipin.com/job_detail/fc428bd62a9440c21HJ-2d27GVdZ.html?lid=6HEiY9fwdJQ.search.22&securityId=FiZD7EiK3aRKg-r1x1Uf4bVsALmFxUXX2G54DSRJRI_wMZusrteum6--RfC122L9LQBPR2M4szl2OyTGZ5QO68U7gSUcBuoNi8McaWsHy88LrZEN9EqLBqDA9se1Y0e_tExJhDjhk03b&sessionId=
0,https://www.zhipin.com/job_detail/865a1716af4ab71803Rz2NS1GVFU.html?lid=6HEiY9fwdJQ.search.23&securityId=tzMGWztd2l5Jp-j1kpxNqwCSG3iUYTd8gghPi8SOTF90WuVYnC8NquHowCqRnkKWE76hqMeqAi6e6NaFHDwcxchdvAsMOQkvgsWIdgQjM-XT7LJ_V_7fA18KJz1HbxzsDbAu293ii1o~&sessionId=
0,https://www.zhipin.com/job_detail/eeae0478227e2f5103R83tq4FlVQ.html?lid=6HEiY9fwdJQ.search.24&securityId=8hITgzG0seaRz-w13L7eKPW1XrMatDYYmE9trrphStJn1lBwdu9hbmZUBaaAlHCon3CURp4vH8y_8WX3vVSXYEzhicJbIgJ-9OBu3ItrihPG-bWSu70IDTcUy7ridpBf9jqlUABtKH-EBto~&sessionId=
0,https://www.zhipin.com/job_detail/e015610ecf58ff1603R93dq6FVJT.html?lid=6HEiY9fwdJQ.search.25&securityId=a0vpDYRHaW1Vv-E1OCpxQ0TV1yDp_hFUiIj9H2z6hPs81YEHjv9ynISTBgYfLDs0FQy1QFgiZXuKcnNEE9PO7zAn4wq2fH4CKui5eyOkPzL6_PMi81gpfcJKqYVhagThQIMsIo-ZNqc~&sessionId=
0,https://www.zhipin.com/job_detail/cea40f060fd445581H1-3dS0ElRV.html?lid=6HEiY9fwdJQ.search.26&securityId=kR6NfPqNwZy8o-A17Vn6lm_7N7T4SMcLTldM-3yD0omw0l-IC9XpmrQWHnX7gmIfAOczHd_vvGfz8-Yl7jiPkmnaTJuENos5BHcDYJKk6L8uZZwbkameaWSW0d8NAM8LS8kUQMUUCANyqGk~&sessionId=
0,https://www.zhipin.com/job_detail/87a73550fb66c74003Ry3tS_E1pW.html?lid=6HEiY9fwdJQ.search.27&securityId=uvTHbJo3CA_vZ-D1O2WSWf8B3jCLcOUs_0tHJxuprHs5auaIvxaK6YLBYwgZ_xJcyBr7Iq1p4W8TJTyEDOEPLtdTJuLWFrqEXJ1XY3Ti3YWqidb-qoQ4RcJ-wnIfLjP9vvuNvJN7pG9h&sessionId=
0,https://www.zhipin.com/job_detail/e05db5a8ba1afbe31H1-29i4FVFZ.html?lid=6HEiY9fwdJQ.search.28&securityId=f2T6arZOQDXQ5-u1FRWezl1K3K_eTUqISgA8NhjSEklFyQL9uHgcpcFFz094r9MQuSPRYXdgS-uhc7WmQEikyelPfjqBbhw-BR0KQPM91_se4MNNx4npqwG1iEW8hjDuWSGIUA5iJ5bf_g~~&sessionId=
0,https://www.zhipin.com/job_detail/9b7e0d063358bea31HF-29-0F1NZ.html?lid=6HEiY9fwdJQ.search.29&securityId=LFCW63o4qZWPy-h175gL6W-lBFonQTpfLdKSKMdxzQWHK1r1FDrk3JN7AQ6AuP7ZYe7Nbi7KnQeXUq_ovfrJSzMYKsmBOgD56xhULzKHO64gF5OO16stTBHDXG9vI9omzMr_t-K2Eqr9&sessionId=
0,https://www.zhipin.com/job_detail/de3f935bde476b181XB_2di1EFtQ.html?lid=6HEiY9fwdJQ.search.30&securityId=aVN7l1ZV_EQ7T-z1SgeNvCOYvmz8k4gNzXjoLXO3vfXR1Mzd8jTbS6A0O9nIoc0vDQwcQJ40QS2UB-Jiyib7yuSVEFQ5Y_1iKhefm6LzUqrNOpvFn-mcl0r4bJRSMnQmTMfTPXIA5sawsg~~&sessionId=
1,https://www.zhipin.com/job_detail/39c34fb825e8f9901X1839q8FlNU.html?lid=6HE9rANYbPD.search.1&securityId=q9dLPE2gNO_zf-Z170aF7lx0-TvvnJZd1ci6XPvK9sI5AyLmdmxkhOoDf0CZTH8sAwFBdom9K-SHqtUUXExeXStsYGgyU2Kmd1qIRF_K8ervRf363sjOmMkF9CcvneX3WaflDE6rSA~~&sessionId=
1,https://www.zhipin.com/job_detail/10948639d0c941a203Rz29m4EFNQ.html?lid=6HE9rANYbPD.search.2&securityId=q7-W20a1WC35A-j1ivo3Dg3_TGcaVg334VTpnfoEojTTjduNlh3usiPAMnE4rUcSWk2GNiSc16Tb4fgsfa5GM39wWKShhu0rxX-KRzFFA63Pdscci9VxsEIvKeJLGWMmuHWUy7shaxWJvA~~&sessionId=
1,https://www.zhipin.com/job_detail/41f8113d5813195903Ry3Ny4E1VS.html?lid=6HE9rANYbPD.search.3&securityId=nyyJgo0t4RnCD-_11ub-pvrgWAmActXVZAHPMmhbKvOs8LXjRiV7-G24xst-undM00z_Mwsd-AYNBZnKWlOCtffIdnZDkMWFatwnRcR8cDdjDU9j2G1zhXhzH5yRnP9iNn-ZkKAxRuvxIg~~&sessionId=
1,https://www.zhipin.com/job_detail/d56969ebf02708881HN_09W9FVpT.html?lid=6HE9rANYbPD.search.4&securityId=jyCIqeD6ubV7D-N1h8sLj4oHL57sP_95gO3N8DMHRxbRvucypzRd2x7txECMzJ2kF__w-Dpa09IAsjDloqjnLbbHNUdSMS3BGJkv3uZh7_suS59IOXNFUA0bAnGobLBuil6S5OxOeA4v33w~&sessionId=
1,https://www.zhipin.com/job_detail/0b8f4070059cd2be1H173NS8F1FU.html?lid=6HE9rANYbPD.search.5&securityId=Aj8aqF8eowcij-01Kgo8_spTcSJdB3xUugu5WWkcJbNysZOHFcebNYzSYOQ5XK2OGaXcZiJvBejDdAFta0tbk64s3vT32oISeC-4_A2Eo6LAt9S-nM-qUIutIDymwWt3-bTThpTNkwI~&sessionId=
1,https://www.zhipin.com/job_detail/80b22b222927c6ed1HN609-_FlBQ.html?lid=6HE9rANYbPD.search.6&securityId=mueHjrlvLgjoA-81XiuIdt0aIRtg7dcxJtmzWOfG2V4dvfFCoHerL9Mhb6wHGKmtUtR3CeoleMfJW0HYDsLPGUa7aru_p7jTuNVJ5RhmMr-qCG0Akx1jWKS6dJeJGTFPRui9u3puF2JiZlM~&sessionId=
1,https://www.zhipin.com/job_detail/7931522e12cdd16103R82dW_FFpQ.html?lid=6HE9rANYbPD.search.7&securityId=SkBzcMe6SUbVC-719Hb0x0mcuIIk_jxWMCaGpIVB1MFf-I_pYN0lKAzlzNXu-H7D1yTugUDWvBibTinjJ1JMSWN_IjHShwdbP-K_ziO7lcqMkKz_5XwS0Wlyb4vv4aNGBqcTMigEAxzTYw~~&sessionId=
1,https://www.zhipin.com/job_detail/1ab518b348ce4d291Xd62dS1EVpZ.html?lid=6HE9rANYbPD.search.8&securityId=FsvL4BfLaHSWa-e1W1yb7w7YygL1FmIHKHGN3LiilNg_lVqlPM-M8oBpneGx8Eqxm8nHnt7OY-SWL3ubMMbVe2Odbd3aGk6OJEwOg7hd94L4EXAttCOvQGo--DGvEaAuamDEsCR7Og9m&sessionId=
1,https://www.zhipin.com/job_detail/d489048c2c415bd803R829u0E1FS.html?lid=6HE9rANYbPD.search.9&securityId=KmPia94kDEsOD-z1-AxLQrN1bok4x539xx1Neql33Z2_9cj_KEFjgMe8j2THDKHSccoZSI1xZoj1ExIZMNxGG3DuMJiQjramu9-t4bGhOw9gSquTrUnapIDRU0mAgLgj43GgsKNSt-9Fyg~~&sessionId=
1,https://www.zhipin.com/job_detail/875107735e0af76a03R73d-5FVZR.html?lid=6HE9rANYbPD.search.10&securityId=GcXqd8CjYwpJ--91bTHhas_bWnWO5RhwyGaKmdKdJxPWdAoXpYPCmll1cChuNFzZXC8-yfLODq_ioSsrkyaIocgInVLN9GRyrnIropsfKHNTALanaCGgPH5g5ALAwrJxdoE-11JsGNBljw~~&sessionId=
1,https://www.zhipin.com/job_detail/d5e23ba6d1979e711HNy09S-FFBU.html?lid=6HE9rANYbPD.search.11&securityId=DGN71qy24J19E-i1tAKxgBvHrJlYOYQ_2rteuBjitAW8IaDIQ3HqMj6yxEdk8B07wUZlCoIblVx2ZTzcqjFH-Dy_fnA6bvbd6-wWWwXvGochLei2RIvcY6x2axbBQ1kuq9fLlP1rwnozKw~~&sessionId=
1,https://www.zhipin.com/job_detail/3f5bed04db3dc43e03R_09m4GFNW.html?lid=6HE9rANYbPD.search.12&securityId=ESv2Pi6gcyaJN-g1cgJk90NUC_pivpCvgEgA3LTdmgCEAAbIGeiDodO9CIo2JJvrA-MsEWk_1FL-BE2SDHzMSML4N8nNjRfN2BM6bRoYhJ7iJxpL9_Ax7Xj4uXMur5z4Pz8SeY1dVcc2&sessionId=
1,https://www.zhipin.com/job_detail/bd8eaad1956eaa3e1Hxz3969FFdU.html?lid=6HE9rANYbPD.search.13&securityId=i034IFV6ue-0I-z1Eym9eJNdltVlke2mjgzX4C8Y6w6Qig-k22qQ8N4SW_cb5vHIizmaGhDkBEW5mJAfnhQP5CjQG3v_yGyebx_lKDT4eX9cYr761qZGaYQqBQqJ-UFLFltVT84Lk0Sx3Q~~&sessionId=
1,https://www.zhipin.com/job_detail/d8f152d92219353203R929-7EFJU.html?lid=6HE9rANYbPD.search.14&securityId=VLjWVBxY7Vr3f-215NmOZW5o--DRPV36F0_-vY_Mv2s6zbNKilNGVhitmP9qJLTjGT5XspWQ_ZbFI5toDUdCo8MFdXTt-Q67wLtX2rqiGyg2vVvG8tw8ASrFx7T2zfZ4WNXMMxzhtjQP0TQ~&sessionId=
1,https://www.zhipin.com/job_detail/c56ff095eaff5a4e1HR90924FFJZ.html?lid=6HE9rANYbPD.search.15&securityId=643H0h013BC23-R1TyN8bxHUAPhTAQ1zUanjzbs-z63KObAFY_MOCq-G2yCelZwJ4Otm4jb8UpXBBAZ4FLDeqeHk1gZt9UpabQTcGq8rRUoDjRzPs5Sp8rTvZwRFCdVt_e30BHVnFjIVHI8-xJRcQBo2gXxNH3QwFsa8A8yGoaRKLj50&sessionId=
1,https://www.zhipin.com/job_detail/28d0683216f8d0cf1Hx9092-EFRS.html?lid=6HE9rANYbPD.search.16&securityId=uLnhBadAyR7rS-O12POq8YwqvCyYPR_9SllyLufIsF6Pcp_xlpwwEfk0VSBJHZAJ0zy51qnXvGAcFRi8rmDmXeUi2ev44zS8oU_yvf3VAw78_hH8IA56RruqVMbzK6Rco2_FnEVlr1dMBT8~&sessionId=
1,https://www.zhipin.com/job_detail/c18f82a3d12a127b3nR90tS0FFY~.html?lid=6HE9rANYbPD.search.17&securityId=XU2RFwUqhWf96-l1uZNXat6C5QwL9htHAkOGQCKFUKAtHtQqBb_LhBYZKNowb3H3V3PnN2bsqKUZ679gMdNZhoeZfb5VRp-gwajqTjVF4eUXIJ7yb82eH8LmVQ_SBjklUqgskYtX-Ml51w~~&sessionId=
1,https://www.zhipin.com/job_detail/2e67bffc8682f9201HZ_2Nq7F1VS.html?lid=6HE9rANYbPD.search.18&securityId=GP6L5o8MFTWyb-l1wnICXXH5HiT8rS1mqLrlxFP-RRbTVi-lRZOuzwXl5FIjodN0w-XNuZPuQS0wEgXfiaiRd0X5m19IYszYF86Oa-_Nb2Egr_jgmxxCE-iAnET2DaA050yT_EUC304~&sessionId=
1,https://www.zhipin.com/job_detail/24a0c62ef8a2d69e1HR92927FVFX.html?lid=6HE9rANYbPD.search.19&securityId=3sMrlrnV9XtE1-Y16bUOGm_G5lzlwEcLgIXQ7zFKsgFzRdjfm1oc30unO_Yg7uVDLqQa3OC2AY14jljKEchSL71CzqX0LQyUZWzJyeLiAMDMIqFjwqx-kdQlJaA7x2KSMC__iZkyVuJSSJE~&sessionId=
1,https://www.zhipin.com/job_detail/5517d6b1cc314a3f03R63NS7FlBS.html?lid=6HE9rANYbPD.search.20&securityId=MgQDbbzTbrImk-J1Fs5TDKKHn8Wqq5aAeGYZq1vmvjSu8Ik6vqxsaL7atRsKOGmiPQ-RC8q3sW4nlG9kEv7B0Zh0jeCqaAIc5duJ13uJw9KMcFiyyyQRWwo1LDgwuA88pOs~&sessionId=
1,https://www.zhipin.com/job_detail/4dd47c3cf313250503Ry0tS9FFtS.html?lid=6HE9rANYbPD.search.21&securityId=gJ6zjsM90yRk2-h1RzjqAEUvtUEKTqWA7YZOBIRKEn-8G2VQkf5D-pMS-Mk6ePop8usxvDD1NuIYGAk6xkjH78A6HfGo7u24SSjS4TwK_woiu1mLUsHrcS_tED85_Qe2KN0yfBzmRBI~&sessionId=
1,https://www.zhipin.com/job_detail/c7b3b5f200c807dc1HN82Ni4GFZR.html?lid=6HE9rANYbPD.search.22&securityId=xoeXfyvCwA4EU-11qXnjCMNagqzrvJVwv-eKG1BPA_wzm6SmdBwBQgneSZg7UtuhZlMLYww6sF5VbAQjtzJw6r-s79MaJ6zY3eMNRTAvDyRhWmcbBglwS5TJi5Qm-JWxw-vSeRDvgxt90DU~&sessionId=
1,https://www.zhipin.com/job_detail/1e72af296b3bb8021H1829y7FFdR.html?lid=6HE9rANYbPD.search.23&securityId=Vw9PItNVagRbt-51edKlTcszY_M_2s-dfZD-mvao1YCUMSNKvCesVZ23guz5SL0336rIWJReSEFif7GtWhNIuPIVMvDsTTCkOhrSWSG_FwLAQHMn-v5_JWKbLaTIO7sRaHll4XDP2oQLVw~~&sessionId=
1,https://www.zhipin.com/job_detail/9ebfec2833988f031HFz2ti6ElZR.html?lid=6HE9rANYbPD.search.24&securityId=qYRK4OcXebbDz-119oSe0uUluNrpPPRQ1RYOmh4NMll4H5L1ZTibny_4hk3ztsf4KTaD3T21fr7-4r76jECWOdAK81xRlsfv75BpZeBQGaXXFSEueQ7lLtqWfFQKu8f7zs6ILlZmvpm4_A~~&sessionId=
1,https://www.zhipin.com/job_detail/af0aac70aa67983a1n143tW_E1ZY.html?lid=6HE9rANYbPD.search.25&securityId=pQzx2KcKJOkff-G1dJUt-b_Uzui3Kp1j8ZYtuq8thBPry1uLDcyXn9b53QUY5LXlBjRJgVzbXx1DaluwT3e2OEy8aAhNnhXQ8PsnJplHajtx2gNYMFu80H70uGlzrbwFNAW60eAz8eg~&sessionId=
1,https://www.zhipin.com/job_detail/4f76a80c5f481a241H1_3tW-F1RR.html?lid=6HE9rANYbPD.search.26&securityId=dAMNQpcEo2Jdr-H1AXPPPUieCzAWy7pKLSqFUSmaK6XcNAM_4v0p95a-RQPPWl4k-4ShfhSc-YAsOg8ClMC60FPRzdvqpvjtLPjhtI885v7WXO9tssCs83jUMZ2VJvmYeCoHHBbauEL8&sessionId=
1,https://www.zhipin.com/job_detail/943ea0ada2b0adfd1XN53dq6EVNT.html?lid=6HE9rANYbPD.search.27&securityId=Cl0xbwn9gACSx-01xbbFDJhyu60w-AAJzPqOyXeV-iXg218J3-KlbHvcBFyrQG7wpUi1bbYmcLUKXcLkDsQwPVCGSU8QT8AAY2uxf4Tpn9EBH7ObQgEBhKTcSpnGwJ-MTyfB6gqRA-XB&sessionId=
1,https://www.zhipin.com/job_detail/b00661266e21575e1H192N24EVtV.html?lid=6HE9rANYbPD.search.28&securityId=xL9ESIVaco08n-Q1qO_4pdyN40EOxBicNSmS48yDX_KXGJQXOXqUD7W4mDiPUTcxlTcbrB31oopyxhoXA24Pc4asDU9FDNeZFeQzZoOa6peA6MClzZo__BpXF8IgYEJPTtrJ_saB680~&sessionId=
1,https://www.zhipin.com/job_detail/df8a596d9b656d481HZ809q1FVpU.html?lid=6HE9rANYbPD.search.29&securityId=PhDuVn4tVFiTw-B1CFbNOpK4oP0YIrDmgPM01H6c2aCUIeGg6ALWTNU9L0u5UJNZYrb39KJQ68i2DHfG6onZKQm6bIymJeRsMRtsF_4uVU1NQTRe_GTDusCXNFnejNEK_Fxe3Zn6rV8OZj4~&sessionId=
1,https://www.zhipin.com/job_detail/3c0cc888a933596b1H1809i-GVdY.html?lid=6HE9rANYbPD.search.30&securityId=t1w0EqwWekEW--m12EaBv6JHP9bbZ-PbfE4PLpAKCaZNEPUDuDwtKbq4O1shvJsYTIRB2Etk6JlYrrsvHLYJuZypdBKnKzpFJ7TNAOrlI23KpcV7cKoD-5ZXb116FNPvowQRdRuV9CBM5uI~&sessionId=
5,https://www.zhipin.com/job_detail/8217b6420a92e5fc03R-0ti7F1JR.html?lid=6HDt0tHiJXC.search.1&securityId=fAqCyEI3AZQMM-N1ygazqjRPbaD2wyNTEg1WO7aa5XJgg38F-7PT6pU0ojkqLBeYUHDjbVq3S6fIDo-11Lo8V_LIs3-23KcWhG9rdX0c949OIEwZWTX2bapDus9GGUHZYw0YZJXtUeQGIw~~&sessionId=
5,https://www.zhipin.com/job_detail/650c17b9b5904f9103R-2dm7F1FW.html?lid=6HDt0tHiJXC.search.2&securityId=fGRbAOW4MzrBQ-S1yYecnww2LIYgHv0dgQ1tCQPVXjdBcLng8AWc1TvMzAQDGCin8rmg7Fgwqbe81ZGAG0nA3dx3Wx5530oCKXoZx5PJHv0zrMc4qrwCjntd_thL9QWHasM1ZXSK5b4l&sessionId=
5,https://www.zhipin.com/job_detail/4cc7ad4b23573f9b1XN72dW7FVVZ.html?lid=6HDt0tHiJXC.search.3&securityId=h8pm2E2rcxUd1-J1OXLB3mOzdWXAr-4N_b-SQHb7qhfuH1et0tH4dCdn3szvrP6FqAh2BkGGg03gtfgWdLsD__FVoJb9_hC5A3GVNMrE7nNQ-HyladQ4SPSNWKFk1AhMe02qRqA2iSs~&sessionId=
5,https://www.zhipin.com/job_detail/7ffe52f59c86331c1H143Ny7GVBU.html?lid=6HDt0tHiJXC.search.4&securityId=3u1ky0kwieHFe-q1KfD3Ki6PTjIXjcthylr5PuT5a-blYGu5zY2IYzi_FVnMfVPvgsfmmzW_VRRl8RNiMCfht7J98O4yyhUvAZgQ4kno8xuwwIFDtnZb_ZDGSZM_rNy5IQaTPeWa9tZ1&sessionId=
5,https://www.zhipin.com/job_detail/d00934e2515290731nJ_3tu-FFZY.html?lid=6HDt0tHiJXC.search.5&securityId=uFdB9p4jCELHT-c1x78b5ZjGUewQb0FHoCxggHr2HHhGQyS1OJS4CF-8SQZ9fkDnV9_wISz7NO2oaSE9u1P1fuS6-SFGreNzcgFq4s4Qm0OIe4brypBP4fhqL1E8itUgE1tYBvUb&sessionId=
5,https://www.zhipin.com/job_detail/0098850e3899823c1Hx42dW9FlFX.html?lid=6HDt0tHiJXC.search.6&securityId=beuTQ5xNIutGb-61e8gwT8N4Vu2A5euNp0F3WWlmW4UOb4_NhmGefXmzvIQYA3yS_34oMao3c1lHcoJMtXFIfewa8R9t6BduLWnXuBeRXzLOr7pJ6HbjCO3BBSmTruF0bz5NysvLGJhg&sessionId=
5,https://www.zhipin.com/job_detail/cb3b6549f38a82d903R929i1FFVW.html?lid=6HDt0tHiJXC.search.7&securityId=WOjLRpWIJGNPj-j1wc_gLbTe0iDlYQocbK-s1nY85cl3sLX71_I1y2Hw5dLvzka4ZfLAjGIQdzVNQHT6T6_YRcdg-HnU4zfBeYhXipzEHP1PZS7nkehPOv_QJDosWWV0hgui2cs0e4oc&sessionId=
5,https://www.zhipin.com/job_detail/cde1411eceb957e81nN43t29FVRV.html?lid=6HDt0tHiJXC.search.8&securityId=1vRxdtCjxYI3j-n1hJ4-n93fvn3fvFuOfQklH0TYj_TtsIVTA8kYqCUK7SeXZrFpRzkIdHuSbiGppwkaauaDTmTIvcJy7Vwqa4zpl1fJJRoyuDBnR4dGgoTmYc4PUTzWjl3EMCjkfRqB&sessionId=
5,https://www.zhipin.com/job_detail/31f89c7636633bc403R_0ty0FVJV.html?lid=6HDt0tHiJXC.search.9&securityId=iMU2XhcKKqgcz-w1aAecccYO5adQs-kj2bcbNT7wZbAbReTQDfG6AsAhNqt_aWLrKtH5CXmNkJ230rEm-EY7idUM7IvA7nJmNyHZst-0eJRstFXcgC-hvndn96yNypSVAJJTDXDAXafz&sessionId=
5,https://www.zhipin.com/job_detail/30d6429d365e52681HJ72t65E1dQ.html?lid=6HDt0tHiJXC.search.10&securityId=wDM1Vrl0y7G0e-_1A3yxe_aDaawjiuk_NNFQ_k8J_gVRSQwKocNvjy4eK8mb9JHptghS4W9KDZvmGlgc256vZRipfY3dlWu7JPfhQkNtyAk_J0AbHZFWFjWVwMPLLOk_20xs0uSVqhyDkA~~&sessionId=
5,https://www.zhipin.com/job_detail/277f504cb157fab71Xdy2du6EVtU.html?lid=6HDt0tHiJXC.search.11&securityId=iLJYbifixxLws-G1s2qopiDW7Xt5kR8UmTsYajMztaTsIBnGHgaAARVcEiSdPBFHrf1dL5O030Jsj-esRwsrp-yqTIrVpWpeogImCg7GgmZglRtCFpdb52nacJnl2c06akngkzQ94BTlmw~~&sessionId=
5,https://www.zhipin.com/job_detail/620f074c717953cf1H1_3dm1ElZZ.html?lid=6HDt0tHiJXC.search.12&securityId=bUER9ytdfk4W3-N1JSXTUYxkyem9BOUAEMgyrfxLPYGBEHCjFcdOj03kvjWGMNRNuiuu6Jg4DL5lU_alEt2PGiQTpofURQ89iAMc-12Cd9PsLnEIDkYsKFumIEbV9I4zk5mGdZ6osaY9&sessionId=
5,https://www.zhipin.com/job_detail/8592f9649fd7282b1Xd72dS-EVVY.html?lid=6HDt0tHiJXC.search.13&securityId=cmfLmQ0U-BYfv-71b2VsncVIf4yeWV3CRUmFaFcPl4Tu4cArwoqZwLGS0pKk98vOaCDe-cdMnAOVDxhfdmnpqdATW68P4EHEd7IcIB6TD95quG5Xc8Db2mA5wOdMT92wXCDzlHt1GXiK&sessionId=
5,https://www.zhipin.com/job_detail/f5d7d662b17a42201Xd509u1GFVY.html?lid=6HDt0tHiJXC.search.14&securityId=rLVQ40-nogUXC-e1kzr0bhu14sHAoV4ND_K9seKuRotYBNq-PM7p5yTJ_KAWUDClCOyiF_uAEvRXNslRBNVcYTZSRkZt9gXNrwPUTisBujGfgHK5VyuKmhTquFGLNUzQb5Z2XSshmrYoLpk~&sessionId=
5,https://www.zhipin.com/job_detail/a56106794e29bba91XZy2Ny-E1NZ.html?lid=6HDt0tHiJXC.search.15&securityId=tpM7p6-s74mNP-c1fi1nA-Ou2MYw4_kpNEaEsjfIfd4-wnajuzmu_Z9n44grDgH-gQBUlc43h4mNUitVqdj5hlIfXBbAUOE9_D8kV8IF8wbEwm2sme4htXFF98iBMgiO6OdHWSc6oaDA&sessionId=
5,https://www.zhipin.com/job_detail/a2d2066c391b15b61HF92Ny5EVpV.html?lid=6HDt0tHiJXC.search.16&securityId=QLbsZbNBlLk8j-N160G2bXfl2yYcMGWNoZfTG9-cTkoF2zf_WRuOIZn7W3t6z6dlbrCYB-QsQehpKGTJef3X7FGBICtAs_X-ItToSFZ4XGV_lgLFtXu28fAIYL69I9CEclrGI9CyO8X7&sessionId=
5,https://www.zhipin.com/job_detail/9c63d8dcc537f8221nF82tS-GFpY.html?lid=6HDt0tHiJXC.search.17&securityId=FY5vHlyGkIQ6Y-01ucdtMP9wZYkgkuQgoWHCjEBX91SgKHQpzJZbeL-L2z9W3cr_TNw_VJExR6uYPUyEfIdhBmYLMaz7xfnPqY9WmoF8jg6nweFBWBTeHGjLzOq9QuYwGvP6dVYaUUlC&sessionId=
5,https://www.zhipin.com/job_detail/6afb79b691ba7ec11nZ73ti_EFNW.html?lid=6HDt0tHiJXC.search.18&securityId=KcbpkZcw-9teo-G12LEpv58OqEZVWGcezcY42oHJbJURK27vs9S3-FMMrmsRMC_Gh9zDY-muqrdBDedmse4HYO-95Qm-K2swFVqWPCKfzQHBxo14eFLchQlxGuHvysfAldK0rt0LS3YT-Q~~&sessionId=
5,https://www.zhipin.com/job_detail/f9b7791b33da7d811nB-39-0F1tZ.html?lid=6HDt0tHiJXC.search.19&securityId=ZBZ6G68HTnkRb-E1KXVaEdM0DU9iJDUwmrSrlhVpPmDBO_TjSwreKP1Kj62VrZznoGO2JfoTkNc-QZbt3aIPyrDMSOUFaDBJ24Nj3-wADwT1xc4zj1z3AAfX-prUkQL0Wnn11GrAhcFOeg~~&sessionId=
5,https://www.zhipin.com/job_detail/014d8476a9a96b761XB72Nu0ElFS.html?lid=6HDt0tHiJXC.search.20&securityId=0JvfrBukyEr2U-81uEia4jykwBL3Zk_uDwWKaSA2U4K84RCe69VqSvXWcfFMbg1OC9RV7ed5q0rIsyqubLD-sTfOyObToJg_P88ISLiwGrfGJw_OUfK-NB2PV_kX1EMHQPghMMmyrqoIxQ~~&sessionId=
5,https://www.zhipin.com/job_detail/a0bfb88346e651b41H1_39i_EVRV.html?lid=6HDt0tHiJXC.search.21&securityId=e3Z4cG1Q5uh9k-u17z_rr-LVYTAok6_5SRb9Uq9sdmJeqaSiY3lCQTblB_IioKKZbQx94Fj4t1e2lbFFiLOHGnSTA4FSFPXDN3j_unVF8nus-vXyx8O_HXIO6ZpZR7CA0yuY6IX2_y4qJwA~&sessionId=
5,https://www.zhipin.com/job_detail/bbe020c1e2a952ff1XN50tm_FldV.html?lid=6HDt0tHiJXC.search.22&securityId=aBPCyd4BsaRrT-Q1rWiWBpwJvvxvHwUETvJ4LhLV7ZjF__LweyEaGQd_TMXDixjb1Ob4CF4Vb8kOyxmY9JT46Zmcvfas0V982SEPYWLsKjmh_YuLCpuRe2CzYcKxx-zSIXf7hB2VRemexw~~&sessionId=
5,https://www.zhipin.com/job_detail/d5ba04668d73f41a1Hx53dW-EVpT.html?lid=6HDt0tHiJXC.search.23&securityId=ghgzm8t00vzos-P17vHIF7SnO7-KBNpz2TYogZuXqxhjkskHiWN9l49nnB85ejYeR9p6oFYCtRKJLLXUAYbv5a__swzFbJD0fvOrYniD-I6KNgDYl8HNz_qUuW-NJ8O8UN4XB-nvVXbL&sessionId=
5,https://www.zhipin.com/job_detail/3cbaa575f68325e51XNy2dW7GVNS.html?lid=6HDt0tHiJXC.search.24&securityId=pSYBIxHUHeVEu-81g5aiNSfUgI0vaw1xEfeL--inWpPJ_BBJqrzZ3z73faXEF6P3XGIcWgiKLczdJKBqAyqMyHefwzD9BHxEVQJBPyGX6sYHgV4dd5k7YCJDM68CVi7zAtYC4UOoWLNo&sessionId=
5,https://www.zhipin.com/job_detail/91f1d7f290b6f6d31HZz09q8F1JV.html?lid=6HDt0tHiJXC.search.25&securityId=_pdZsU9CsjybG-l1CrWwefxnZuiIVhsEQI-mal3Cfj3JBHx_PX967qIf0H7MEAWZh00pVhGgqkvYEFRjKMiXiSXVBKPXlInIS_por_Zef2ERAkw9DXeHJPBtDRf-hIuZkBww-KrXigkQ&sessionId=
5,https://www.zhipin.com/job_detail/75909e828d7417c11Xd939-6GFZQ.html?lid=6HDt0tHiJXC.search.26&securityId=Ti3LJDGpuNX4--U10r8VwLiUMMCoDePOIvaaHpykJiEb-LrXaGuH86FXlZHYd_29Fl9oFfqNu_ca-Xjl1Gz7umK-ILgmBosw1k1nS8dp9e5k-M9ArXcHIDhsMFXjFf_eHR4DmgAOxurX&sessionId=
5,https://www.zhipin.com/job_detail/3ebf4084d0f30cb31nJ-2ty9GFNU.html?lid=6HDt0tHiJXC.search.27&securityId=Hw1mCMe4cHP6F-X1roSyK-kEvs16HVHZysxhcDmJgsrXUnyvb0YR__PDeDXsgkS3s2rG0yWN_jnKS-dvDrAsNi8Hr1OyUjSBJOCdGkrDLX9-i0PgC5Fm40wzt5Mym9yn0Zvtr7mQiF9m&sessionId=
5,https://www.zhipin.com/job_detail/8436e8ea2c6f7ab91HJ_3t-5FVBX.html?lid=6HDt0tHiJXC.search.28&securityId=pCKS96K8Somol-11nVfNMEMm-1WnjPb5bDR0Np1BwDMpvEMEB9Q0eMJohMOVoHGxEfT-nK5G7NOHAAHszh5njJ1LiuaVxUA1uORVAIQcJW68NsIkUZd8WLjYU4FdTsLgvAFRFIpumd2Fyg~~&sessionId=
5,https://www.zhipin.com/job_detail/23f8968a5dc2893a1XN52dW_EVRZ.html?lid=6HDt0tHiJXC.search.29&securityId=MNi2hylkwkwlb-l1T-eIzCsTo40E9B-F746fTBAxQC6cYvLTbuXWNMqSWN0JA9rpAMtGr1hD_K7b1cE3yCbssWoBw7pjeIjIFFklUyZNbD0y5hnkiU6ze0Y_YlRz1GlmY2VTF326Mag~&sessionId=
5,https://www.zhipin.com/job_detail/58a4c6462508baba1X1939S_EFdY.html?lid=6HDt0tHiJXC.search.30&securityId=Chs2gGJl2jPbA-31DnefafFzPePN9i0ULgjKTUCcdjGxSKGxn3jH_4Dx9M8QMD4dANFIoafcjMpHVRN1kyehzQrJMY-flufPA7rrUT93zwuJJgd6vfQI1TrrzdoYVxkwQRmJqbDgsYt0&sessionId=
16,https://www.zhipin.com/job_detail/cb8bbc5ffdb7044203Ry39u1E1VY.html?lid=6HBGCULthQX.search.1&securityId=mpCiRDNq8lkqy-c1TC4mbYOw1CPebxm8oOTuh9xL5vlVygsXFjZPlXG1xipxl2V-aUZqx1iJOXpzGgEhnsSXgonsxHmVJawDfcBsnWfpwmqwxE72fIIgwLn7wYkvLgrU0i4hflVb68RAZQ~~&sessionId=
16,https://www.zhipin.com/job_detail/b4773c3aafd28e781HN72Ny-FFJZ.html?lid=6HBGCULthQX.search.2&securityId=BUEJx6gbYOp6k-d1i9k0PeSyhs0NDj6l3E6tVURZ8CpvFjhfeqyyHj9ee0JW8cxri9o_4p-MjAK7eWNO6w8qQD83jV9_Z1AuyvxbsghJfKFJ84UCTkttZVQiJfuL4iivWTMXntIHqKA~&sessionId=
16,https://www.zhipin.com/job_detail/bfc34389955038cd03R-3tu5F1BT.html?lid=6HBGCULthQX.search.3&securityId=g3dztqJKROV1_-d1-5-F4VVvBR5nOgjWxkKUCc58y2UU3Rw4PotWvxskUjmJT9pfpsfXBqbmFXG-fXhQOP2D2IA0fQIxYry9bSOr3O5lJrS-X5Kr-81WbIFaKALLf_mX7twR5waAOTB6iaM~&sessionId=
16,https://www.zhipin.com/job_detail/59bb71d39ba75dd01Hx42tS8ElZX.html?lid=6HBGCULthQX.search.4&securityId=fmwr0fVESxOhO-u1rXwVceg8rCMl04HVI7KH0Ec_mmIdwVaFkSCqQ5XWl1EBUlzr2YWHSJOrykIN8AsqVllFt_loajnESOmuvAemCc_MuA_7Zd3peZCsgM-Dw0SXuereJWMR0WbeljcDjA~~&sessionId=
16,https://www.zhipin.com/job_detail/fad56c6e867eec3e1HV43t-0F1tQ.html?lid=6HBGCULthQX.search.5&securityId=GgYpk8WcEAl8--517yQAuSbh9xuysRldutZBuDi2H4sK-Ps5gu7ZX3v4zPwXj2b0zbmcNBFEuOBPSxCwnmRxzmDV7alJ_ep3om08FDBztdNRHNqjkVTBJ3MryySIgrBWeaTaDEvAatQ6&sessionId=
16,https://www.zhipin.com/job_detail/d6e2dd2e9dce64521Hd62Ni1GVNZ.html?lid=6HBGCULthQX.search.6&securityId=054CJB2Ic3HMe-l1gQjYXZxWiLW32xtBh7OdpTFi-gmFkLsjbrkeU5aw0VDhFWN7ylxOdMCpcHn5fhJ4inSnhYbzk0qrourclXCaVh6H0bEc36I8cvgBWFTlmaxrHUs5jXZSvgXYZ5W7Tew~&sessionId=
16,https://www.zhipin.com/job_detail/29afd348a6e8de3d03Ry2tu7FVJS.html?lid=6HBGCULthQX.search.7&securityId=t833aXFWfz_ey-e1CfuEqs8PvUwAT3CUVJYXr0HPDvfBtsI2p1ToxnD9cr_AKOmgyYlcQm__Ad-4Sy0HTmeExkRTfMxAWQ6sxZHaKYAUtjklfwzeKwil0bcu0nQj2mIa5Q3QaVU5-NvKsZRbar7uMnVZ27Ov5vxY14rXzJbyPZDhktdc1g~~&sessionId=
16,https://www.zhipin.com/job_detail/9a5fe38f08ad677403Ry29m_GVBV.html?lid=6HBGCULthQX.search.8&securityId=j5-A33D5ymHHs--1eMIVo7JpHxMAn0mgnm9tEZd8h5OOM12ANv7FjA-bNxQ6CRaLVxVT5sT4ZJ7X_XgLQKhQ3GM02I1OhQmufQXdMqPnbwsCt6pEWQuB2OFdYMng6kdx34lObS4cO_HQSg~~&sessionId=
16,https://www.zhipin.com/job_detail/8220ac3029599c7003R53920FlRQ.html?lid=6HBGCULthQX.search.9&securityId=z2wmokYU3r5YI-C1mXYnrufJS4oou_2WrtxhK7OhWxOdYacrDF4gg0Gfg9UC58quE61pmVtIhjtQSNEe49hkkb8BFYmLO99ZEU8EISLV95erpVzSoB4_no_jQVpGFApVreKuHZGkcOu3&sessionId=
16,https://www.zhipin.com/job_detail/671b95e5949da0e703Rz39i5F1ZR.html?lid=6HBGCULthQX.search.10&securityId=x44Dghl4TAxlP-u17vvHsMwIYsfVJb04AWTyw6ZOdnP0UDT60o8QKXgXGm34jINYZDA8IJFvISSuDSh5jlgm5vEeDC6ZPP2Ht726rSJmhHw25ilaAxGnMe_WkL_-e_Ysc56DzIBh9Es59g~~&sessionId=
16,https://www.zhipin.com/job_detail/6b52fe381f9994a61Hd4396-F1RU.html?lid=6HBGCULthQX.search.11&securityId=vvsoj8D0lXbVI-2147bWF8UEaxWoWyfN-Z0OIlC7kYYIesY1CYPDRRs1iZbd3b0LCGOpRehoOTqv_rP0awqcq404oX1H54C9xLklhgFYWiPVaaXWKCT9byrKlMMtnh3tUDRU6pH8hSf3wi0~&sessionId=
16,https://www.zhipin.com/job_detail/84e923822296cbcf1HV92925FVVT.html?lid=6HBGCULthQX.search.12&securityId=qjyOrmVY5SAdD-o1I-4iMTZ0vfuS5pF70g9Ruzfi-bGWO05on_JmujofVjfnzsgo7cQF96wMNAmvXO1lNR5N8_Nrqmh0M5QqOMFrht9TqEj1pyU9ZktjOrJvrYrwTKOsVK4iC2hv0Q~~&sessionId=
16,https://www.zhipin.com/job_detail/ca92dce7eb8c78a21XJ439S5FFFQ.html?lid=6HBGCULthQX.search.13&securityId=C4m5XUmyEpcf5-h118JG0IiD3qmSn28q6X86CtmoGRBJ3OOq6orvtTpchrzxjbowl9Y1cN0OXWKKWyJRRnCrZKbQ82ygjM94fhHyws79s_zgXoXe8_hKzVhZ-7k5tqWZbf304ckIJA~~&sessionId=
16,https://www.zhipin.com/job_detail/4c2f2aaf0fc044a603R_3tq1GVRR.html?lid=6HBGCULthQX.search.14&securityId=HqxULzV6EFiF6-P1MIX5a3FtyOtLxD3Px8lfzc-_rfMuHY_fZbqFV07sB2_AKF_vVU1AuA5T9W1giTv1zGTURKJKlx357oy10H_jOPPDLTShlXVq2s0R20pg7faT9JnirA1r1feRSQ~~&sessionId=
16,https://www.zhipin.com/job_detail/456da4ef67bddd251HV_2Nm-GVJQ.html?lid=6HBGCULthQX.search.15&securityId=svwSsC1Or8s4m-A1JvO6DSxJ7GGGmltJtXbPWKIOmcppV5jH0wJoBDLVxZOHK2CS1I1ZpU3DBVn_oOfw0kvq85mczhij_DqlRu5Z0Pswe7fJsAdIbbuRgcn2bbBhyXOxiVpumIWOU6G6aAU~&sessionId=
16,https://www.zhipin.com/job_detail/baeca2f89053bf111HZ72dW0FVFX.html?lid=6HBGCULthQX.search.16&securityId=AHx0F8vbaKl2N-B1mQVO3K-J4tdLAotDzOp3Bull_gQJxgHSfgi6PcQTnILT3YsH6VLV61IV5hdGVNq4NZa71BzONpm_ff-0ohsD2TG6vUp4EWbpOMnOIbzMEgxAv6UzTaJBz7w~&sessionId=
16,https://www.zhipin.com/job_detail/c3f733fb2b9dad3303R_09y7F1NZ.html?lid=6HBGCULthQX.search.17&securityId=r7UQftGN0uSTZ-V1mu3GGEKYI6CydX8NuOaD2W_pmaDElURtmsMeaC6LNX5PStyDwixytgOLRmUrGjdxEc8j-OPwtX91aQWt4JT5_DB2SZeuhZKJLag3et9wG62VxsxnMQ-9qRUb3IoR&sessionId=
16,https://www.zhipin.com/job_detail/dcf4ab4aa82bd50e1HN-3NW_GFZX.html?lid=6HBGCULthQX.search.18&securityId=7C77zBSI4fAsh-L1BFm9e4LIVjunv7UkVvHPKkKtfOms3iDi_qaSXHs0pRQ0fDa4w1aXm9OLLdlxf9e62BKNTak2C_t62GY3sCchMoCkhfcLDFoUrwalOTtYjBOXqAMC1H92jRGTP8j1w9I~&sessionId=
17,https://www.zhipin.com/job_detail/072131a7d5f248c203R_0t60FFpS.html?lid=6HBxQyFuXQs.search.1&securityId=obo30N0GZYB1L-b190hrw3oYqkcehoXgmk8lVdxXBjKaHIQLTcbwwffeO3IOp9wOJiaz949QgtlR4cO6svoVLqW6gwZjfJ5nVyMThw2nB7JGObt5xpxnR5R4UUPDijuvR6q3-ncJVBGgdA~~&sessionId=
17,https://www.zhipin.com/job_detail/7b130785c151eb851HN52ti-FlZQ.html?lid=6HBxQyFuXQs.search.2&securityId=K5unj0Te48Kxj-I1-YldTywlaQJ0yc_qIIrLU48kCSPVJ1t_PA4_gNQWvp3iZll9D9pDQraLlS4feqMfjLy2bfrUBtkR5W75FFFBxx2HTRlbnDpOuLIxS7FSgJOKsGCXidtxIT-dLgEI2FE~&sessionId=
17,https://www.zhipin.com/job_detail/4ca32af557f09b5303R_3t6-FVtW.html?lid=6HBxQyFuXQs.search.3&securityId=NHOogR2oSc-E2-o1GtvYp-bflMYv7P_9rPp3h3Auacjxmsb_0LN9uG4YXf7f4riXRP_FhBw1fQObwpl7CAfhN5Fzy4pDR0P5wgj1zw_trGkwuJTroBW1fJrZJ-_zjvc-6v7ZBGc168RdrGo~&sessionId=
17,https://www.zhipin.com/job_detail/23ef0cd9c0181fc81Xd42dm8FVpU.html?lid=6HBxQyFuXQs.search.4&securityId=QRnh_12mn3jeQ-x15Ml1lpR1SdgiBE1nP4oe5AxlJUGavlZIvikmo4-lRPSuRpsQpLNTm5SORQr2nWSXbFpPFyKVCKzpF5RpE4Z7OjCNua_IL02Vq6H1OZTJ1TnI09tY6w9OuPjtsBjE&sessionId=
17,https://www.zhipin.com/job_detail/a7eadf20c975a38a1Hx52tW6EVZV.html?lid=6HBxQyFuXQs.search.5&securityId=Dombr5CEMLPLM-_1G4-f_eb8LErbueaDAUh-Wm-Mli-IplTAfszsAzHwIv1uJeoUPDGZAzgWNuD6PejvJEZ1AseX1RV3GDBgsrPkI5aWDw-9Cq5T8l9LG7BhfwedCswm5D1Op09wU9s~&sessionId=
17,https://www.zhipin.com/job_detail/01d011176d2c2e091Hx63d27ElpV.html?lid=6HBxQyFuXQs.search.6&securityId=6JOYsIZVIaKwr-21n7hGT1tYoYRyOtAjM6t9-Xb3pfnTky_I63X7WPUlxflp3OshyZt5yGcIiOB-IJEhQDMk8vvpYh5nzUBnYK65_KaRj-4du_rnqQBn6kiwGsLpR1UFW1OGJmplIZAu&sessionId=
17,https://www.zhipin.com/job_detail/8996e19bd32157a71X1409m6GFRW.html?lid=6HBxQyFuXQs.search.7&securityId=vEjv2qxnJRkRD-V1dwPqeK9pVm06QGb8iUTMrtrAVJwQS_5IGUaY4irL0F8vbQ_RvsrT2lIxVOWw8VYnNBvoFp-ggxxWtoQREtNsOTbLq0jwP7wMTEY4gHaTxfFIFsXeSC-YsRTvTfPTxg~~&sessionId=
17,https://www.zhipin.com/job_detail/93810fc12cf06eed1HN70tm4FFJZ.html?lid=6HBxQyFuXQs.search.8&securityId=KmgFM1qxoEzKO-i1AUb4tFp0ew4DTrmV_bYzjBaTEdz7M6u_ud_oG7L5aYQNHPcN_8lZ9pdvCLDr8xKVM18M-ArA36HKEnO9qfxSjqwZAtpNXKUrdVcgSAaemixVKXDLYPauqXo1btGB1w~~&sessionId=
17,https://www.zhipin.com/job_detail/629fd0f2d7a20da11HB92d67FVZS.html?lid=6HBxQyFuXQs.search.9&securityId=asNdpvLJ2WftS-31Um2SAyeLnQcQPR20bajAdRyfi7iehXbEo2dJhP_gTYhluQgfntmqC6cXml3Y5dOjtG95qOkHAQVUtr9avIlcX8RtJ8Ug9MbzU2lrxqx0F9GL9U1YxUxazf5gUb4RjVM~&sessionId=
17,https://www.zhipin.com/job_detail/de1b0ab13dfde25603R72Ny8GFVT.html?lid=6HBxQyFuXQs.search.10&securityId=YRDskA0brbKJk-G1jrAatzBTTBdZDveJdXtSg3jii0qGIF0v8pvtpiPvHB_EBKdvovIuZaxFXiTp2PIGrJoEa6SKXfUy9knDaQ418Z_-RH9RaXtQoqdAo8tbzeGBRaaKBiMZVk5GmJ4Dpg~~&sessionId=
17,https://www.zhipin.com/job_detail/101bb245383e9da61HFy29S4GFFT.html?lid=6HBxQyFuXQs.search.11&securityId=kvHurY07hYJHF-S1J9sbzr3qlHIM2U2OI4xRtlzDs1RJcfPtkh3bktIbUbMrdTlWw0VpytMHAvS_SQqcaa6lWIkJid5mO92zFAsSvS3E11a1F0Kjtm6uBJeeJmw1S7rH9NP6yt4gdQs~&sessionId=
17,https://www.zhipin.com/job_detail/1f32ed2ded2ad3f71HJz3N69EFdT.html?lid=6HBxQyFuXQs.search.12&securityId=uis4gIB9C59GH-H14LkP5PMiiKS3aDSrBBY2R7OMp0Dbhid13wUjpeen-xknt8xPTTbQqjzUmwyQ5kdZc0cDWyViFFvVCcIC6cSwUA9-FmHU8JABqT5THpaSrvu54pLSKwTb8O4BVkQo&sessionId=
17,https://www.zhipin.com/job_detail/7b93e313c3d62c081H183NW6FVtT.html?lid=6HBxQyFuXQs.search.13&securityId=61rWcFjFl3_Y4-w1EYfdH_neFelO-5kH4vysnfDZRxw4QYUno2KkQqRvcv4-Ssp9V-JRy6VJkL18CZC8qf_E8TnzhHVulOPEuyxPOYoWaitpr9hE-OosGlVQy6sloHCo-IOw1IqNu-DY&sessionId=
17,https://www.zhipin.com/job_detail/e3395c04679e1fc51HN629u1EVFQ.html?lid=6HBxQyFuXQs.search.14&securityId=BOBf7G5Uq1_o8-11VUn8eO8kbGTlc0DhHBvFobW9VweZiMzwq714NKSS5OQJB8rvN3-BqgMAzW7IPKE4zttH3nLz9BUeo_-PGpqCEcVwJn-DmOigWI7ro3Tcau2-KZonJm59D2CEpV-I&sessionId=
17,https://www.zhipin.com/job_detail/5f524c585eace4231HZ709i8ElNW.html?lid=6HBxQyFuXQs.search.15&securityId=0cqEjusfzOpxX-Z1dgSHG7lxMZQx5SfNISrwzBXAmh-GtNDQ1OudP6gTT3EhdmJkTZQZFHY8fgmMbsKaFmiz6BSJ386Q-Dv7RdcUo-6ytlBsBMQSknnlOmPMLr7O4-1_Kbe8YbN-4g0~&sessionId=
17,https://www.zhipin.com/job_detail/e82f0851bd4a73e91nNz2924ElBX.html?lid=6HBxQyFuXQs.search.16&securityId=ZRMv3qDaJvjsc-U1d4bQNAek-_ICo52YE7eK-E9Bbo_9Alvor5CascXaH_ond-lIWphj9f4zHoVB1J7FQzKKQ-YK3ib04ISitzl57zJW8HQjqpVXLslOqj8nuhCan0fYGxhGJ-B3lhI~&sessionId=
17,https://www.zhipin.com/job_detail/1f25db0d35a0fd0a1H1729-_EldQ.html?lid=6HBxQyFuXQs.search.17&securityId=LjkLsjFEqbPDH-z1gHrAmSCFy-LklpLpUbc9lxbvW6ZddtBfbFdEYkos1aysbLGT3q3gop4FBokQG8dWja5EuoFOsC4UafokbcqluYhkf5so6_gjM4DdPOBymqEDFl8DmiwDImG9F05tjm0~&sessionId=
17,https://www.zhipin.com/job_detail/2b649e4959a8e0901H1-2dm0FVFY.html?lid=6HBxQyFuXQs.search.18&securityId=upF0e6UNhUmeJ-v1jPSpJox5yEFAPESNYgzc8AO4YQL5whGl0hUY0l47n1PyesrN3pxw8wGHhjeZmRcv85gj5I6AtO-AwHFt2D6r9MA-atd9fB2NO4SJ984ebBvKChrfEI9nzHiKNbzd&sessionId=
17,https://www.zhipin.com/job_detail/6e6560fe6a9ec25b1Xxy3ti5F1ZW.html?lid=6HBxQyFuXQs.search.19&securityId=8a8VFyvp-X7k1-P15MkAlK05_tuyl6rnyJJKZ52RmZV-bwI7-D56zCiEmPv-5w681wXhtxVXjVzf9d1aVFukdKOltGHZ8y39m9i-V0kbafsw5_LlkZmgWPRvdBsXvmJJZNm9oBZLO7w~&sessionId=
17,https://www.zhipin.com/job_detail/20a004296819b0dc03Rz2967FldT.html?lid=6HBxQyFuXQs.search.20&securityId=pJizdN8AgFWPp--1n4VxDqdkWBtP03ozR1id_H7cNI9oIdDcTZzZhMMlIBoR4DouY9n0RgdwJE7RCnRNxpYxvlZL8fEUEhhQ-6Si33Xs1MVB0Bawn4mHfJ-oLz_rRaYMQtyzPGY~&sessionId=
17,https://www.zhipin.com/job_detail/f04f64a8c7c1244f1XV83Ny0E1BS.html?lid=6HBxQyFuXQs.search.21&securityId=rVabYPqkr1F2L-a1DYSLz-9K3lRWq1imYt_fTG6c7_Dt-fFzF_nkzFU8CFEM9gToKfSYjqfAymz_j-AImfEotkI0RUBDdGeur4tNrIn86EVisRnv7jCtEwjfva5M10gpakIAhC2IqaXlYhI~&sessionId=
17,https://www.zhipin.com/job_detail/11928503d6dd61a61XFy39W1GFFZ.html?lid=6HBxQyFuXQs.search.22&securityId=6k9uWnAIVJKvO-91V5FwJj9yfH-9LGSHhGWnQkUBwr7_mnlpr2ZmzTPds-ZuHbiLFrMJVd4PJIIDU_MjSfS6Pwdiuhbu49gLscWwmq6xG7fXULJ4TgBjqQR7wHVXOLIfbpPj7mbTa_Ho&sessionId=
17,https://www.zhipin.com/job_detail/5a37d5753bc7a4031XJ53di_EFdU.html?lid=6HBxQyFuXQs.search.23&securityId=277ezOMc9c6Se-z1mQRxLSJXv44RL3RI_fkjKzvkxfXP3O6Cmf5z10WTB3yJ78n3xCytJ-pdRpa90f6nnZ0HdTGN5jp2BN8l5AppGYYPE0xhioir6-mOTksuMNB84Nxb4hCThjS-LOkDjg~~&sessionId=
17,https://www.zhipin.com/job_detail/02b4a0de967d5bd01Hx_0966FVNQ.html?lid=6HBxQyFuXQs.search.24&securityId=-JMW5vupfZ7D5-W1ppGOytqsMb-a8J9wAXWB5OTUnPkbJM_rQhJCD_sUZ1RQcMdDT0wf4GBrgrwcuJUKhVI6_wsybnY6ZFzxQVK0rhqPH4Z6myri5dfTeBFSnVje6AMVrNKHcJso8nmfRw~~&sessionId=
17,https://www.zhipin.com/job_detail/70bcb81a157927e01H1y3tu9GVRV.html?lid=6HBxQyFuXQs.search.25&securityId=kUKbhTgpY5mZ4-u1p7hoOp1Lydjhe4sVqntc_VhwlKIIcjApR8y8QuMDwrxJf641L3TrdIf1hgnPFyE3gh8H4uuLtzLnU0F4cDq0WV4xzJTjK6ZfhqmJHvR1FVfMduddk7vkWFTwHCw~&sessionId=
17,https://www.zhipin.com/job_detail/e6450cb97635397803Ry29m8GFNZ.html?lid=6HBxQyFuXQs.search.26&securityId=bVhVpwiZqRM4M-Z1lohjwP5nGcsD66Mut-2MFY6rR4SOBFCMCi_v-A4JIDaGhb11LyISettP0ulZPlHIQ_JO48X8RH3CiteFUAeVBHSnvTmKZTgjuEdHtTjVvySFgDtfXHUZdGlHc7T8&sessionId=
17,https://www.zhipin.com/job_detail/72407d8483879bd11HN409-8FVRZ.html?lid=6HBxQyFuXQs.search.27&securityId=JaJXrqEh4wC5a-51MmXWDEJXDwIjif-WRlfQcA9-SOAiTEDM_QFwlMe2pYXG0sk5_zPJgPkEwm4gLUKR7M42PqDmCzlBPNvfBVUMKtYQ_VeYaX-jUOT1Q_J5UwdId93LKDUxrrV6GJz4Kg~~&sessionId=
17,https://www.zhipin.com/job_detail/15ba25ba6344c4901HJ72N--E1VQ.html?lid=6HBxQyFuXQs.search.28&securityId=BzR50TtlT8WDJ-j1o09kpBuevuKXhXdRfE-9q0p2KjDO4NY_HPMGU7AINFe2hyoS3eBtWevyTeN5Ctn8D0G5nNHVoeRwzvwJEs8P7T0DCOG2__swrKsoHsWAJlmtMmFYPcSGdEHws_S6oTE~&sessionId=
17,https://www.zhipin.com/job_detail/04079f1cb58f06081nV40tS5EVRQ.html?lid=6HBxQyFuXQs.search.29&securityId=Jekn_SF5yUHNz-O19zQ4hQa53qDX-l-zzSqYdP7HUxQBZDbB-5TnfHHwFFrAhzc7zwURimG413bbjukhDqLC0MW_exMabOTHujaP3Y02VVCCuqruoOwlDKJbkvZgfx1cljUtMv0OhL4~&sessionId=
17,https://www.zhipin.com/job_detail/e1c9db789931c5e403Ry29y-FlpQ.html?lid=6HBxQyFuXQs.search.30&securityId=BDOHHEiD8zuH7-A1nVbi88pFL77D-d1-KjpkGZ-j-g_rzBiOGZDYBuNupT4lDXBOBKVgvqX_Pr58n5_7HQiOF7lsB9M8eSUNGWC5dVxQK5sUG739ojMa74oSvzepw_5yXnX2EvE~&sessionId=
20,https://www.zhipin.com/job_detail/5066fc66a6b33c531H1_09S5E1ZZ.html?lid=6HB6x1aqa8D.search.1&securityId=-Bceh3GlWlS7a-81MG48L2WolSFS-cB2fQbXaJO1fE8wo-OTUbbqQAcBcn52LF8CxM1mQu6J058lJeX6y1CTPoYJYM_Afud8JTTEplaM1HO2X_-YugsDWAJqyv2Mqy0ke5ceHTNbCsIdgQ~~&sessionId=
20,https://www.zhipin.com/job_detail/d47586c1da317c9e1Hx42du4EVFX.html?lid=6HB6x1aqa8D.search.2&securityId=KSLYn26lHxWst-C1QHDNCbW_9XQ6tdYK2mMt_TmpNzzOUGUHOPoxuBWSmnEF1Yz_dMYh7Ra6JaqtNeOXk0CvT7RW1uc-T_2YdjxAhLHfAr6kLQDJWEwTJf6LVUK2fm6h_N5qMPlYAApl&sessionId=
20,https://www.zhipin.com/job_detail/088ed5d6719cf1cc1H1y3t27ElVU.html?lid=6HB6x1aqa8D.search.3&securityId=Tim23q7Vfko5Z-d1vxVUuvM7i9uoGG-kQIkhVwf0l8F8j92kw0b0dA9Vz5c7Md0V4V8dCGiIq9RVOTtP07OyH-4c_vfdbr9TPMf_9LPlNeKV05nZM5tmy73K-UM_zIwKIBIkImFSKwwBuA~~&sessionId=
21,https://www.zhipin.com/job_detail/226a771a1e9e887103R92ty7GFdS.html?lid=6HAZzayBi5C.search.1&securityId=D2M56epwqagkg-o1xaJaM4NPs4aSTMmmQCHOM9h6Gu0mgrY7fG5mnpQDp_z45zBkr9XCiIGsosgWucKkxxRFVif54jmPcMJh9CYOBvuFcpdGoSYzF_Qkt-sLEAcsFkAHVeD_pNoUFcI~&sessionId=
21,https://www.zhipin.com/job_detail/c2ed282ee42b51981Hd539W6GFtZ.html?lid=6HAZzayBi5C.search.2&securityId=YnPAxfOm_1hNp-21TkMwMc7mXsXeS6o2nSOWNGghaktS2lVx2SwbFtpyEuv0AKFC5Tjbxhy4fBCqVvgKQv8sDu3Umv0_Hn6hz6WFZZf8R3MZrx7Ok-j9Lg6QE5a1JTdMbaVU7AQiGQY-&sessionId=
21,https://www.zhipin.com/job_detail/5b7cf105068615331HN93d25EFFQ.html?lid=6HAZzayBi5C.search.3&securityId=pWUK3HPPGKXkf-_1XhkGRoMIcoIik-2H1EefhLKPeZwZvOrta5BhGo4LZw28nxndnFT5mDqLWSrtlWHWx96Ce6_F4WtisPOaGzx4isbqCR2_JeGwEtzJiKFFdEnj0vofJNhIpViZid4igQ~~&sessionId=
21,https://www.zhipin.com/job_detail/35941cf1562ffc551XN42tm5GFNX.html?lid=6HAZzayBi5C.search.4&securityId=5p_8uOTJOY35L-11RFkS3zKhY-64UFYWoDKGEYkR6jOrT9f-awPshRuE-_dL4c3Qzp4SG3SOMSSkAenyqAk8d4hkTelhGDo4doBP9XhMA_J4h0wqyD_mDd8gAoEei8BnDzDgeQqdFz6ODPg~&sessionId=
21,https://www.zhipin.com/job_detail/8676b9158df4c5e81nd62Ny_EFFZ.html?lid=6HAZzayBi5C.search.5&securityId=alj7UkhawBpUM-m1AVSiTYBJ-9eBK2Yfx51rUQVcNsd54YlAo_MhSb1ICal9Mu8fVgJj23p9pdZTrsF77KZi46UEibMxSM3qpW8DyHvITCzgpxaimli_kD-lRuJHztWPbhklpigE66Mg&sessionId=
21,https://www.zhipin.com/job_detail/7c86ba0fcc5eafe61HB-0tS9EVJX.html?lid=6HAZzayBi5C.search.6&securityId=X3Xw5CJF1fxgF-B186brrUwBNlnYmuwsXyq6pYEsTz2zRMvUglcabXHXawGPVhzsU5Rg4VjTifinDuxLqI8BeAdPMP0OXV5OROViJMm0ZLEva-viHrWnodaY0DG1jwz4dMWHfLKY&sessionId=
21,https://www.zhipin.com/job_detail/2228feada476be511HB52tS9EVRV.html?lid=6HAZzayBi5C.search.7&securityId=NrvXtXim55emJ-E1_EOZREufIKQRs_UNyUirJEqUliL51VIBtdLhCsEcrtMtoytK8_sqbIUu8SGquYAl4tOmhrEbcVVc9Gt2sG_qrM6Z9sMaL0cO-0T3ntjaSFGQuAPUbjmLodqc7cf0&sessionId=
21,https://www.zhipin.com/job_detail/897cd87bff07c9b71XN92dy9EFdX.html?lid=6HAZzayBi5C.search.8&securityId=JQTY-Qjgiaqjw-L1cG7JcRpqDQY_1JmT-YmFKlVesTJCp9qxS8bUhBjn5KOqVMueVmfwmzA9A0X_wyG7ZENQiL2xrxhQKmx6y1PzVioPcs0VR0JuVKlH3mxge_2-grT2v3UsZyrNHzcr&sessionId=
21,https://www.zhipin.com/job_detail/c363e0477b80d07a1HB_3tW-EldV.html?lid=6HAZzayBi5C.search.9&securityId=8764dHepDXwvE-11V0yfZKU18L5pWkxDh4PDqS-dclHBku4B7rgNzJkSy2RweywUt1U0arMll3JkFAfCZr7fPleIAYVKPcNkISID2NbQGbtPu8Oxz-6j2Mz7z3EnH7_ovE783G3hGayBVA~~&sessionId=
21,https://www.zhipin.com/job_detail/8bf58cddcbfdef281HBz39q6EFNX.html?lid=6HAZzayBi5C.search.10&securityId=4M2U_hVxV4gQ3-x17lJi8NE8W-_8xr5rXV0jc-x1UshFPdlmN84j3zHrrBba0diDoHYA6MHP4KROuEKtb3Gg41uN4eaRyTXQKoLScSiez7zjStmEbxvct2rg6bojnQsjHDy_3N0uoLE~&sessionId=
21,https://www.zhipin.com/job_detail/b46eb5461dd6beaa1HF70ty1FltV.html?lid=6HAZzayBi5C.search.11&securityId=-35QxrGSdeMLs-110-GYrfT6S1gsxcGiMHvRNGJCxX88O8QiPZ2u5tRC_UZuE6mkWRVyoRPigyOPhFSgyubrzrc9QHTzkRttkpF0uoe0khp5_-eDu3VUvdswWiiF2Vj_3YRUP2UHFA~~&sessionId=
22,https://www.zhipin.com/job_detail/4d1e6dacba0bfc5d1H1-3ty0FVFY.html?lid=6HANeZQMJ6G.search.1&securityId=yNx4VJvFd4dxe-a16jQtlX0SBnc-obIgaemNISd4YoAGsZX0bDW3mQG_NevQncCcQn40f_QEvEOUEGbQFRE2vYCVyRslscrNjz-WhJDw8UzV_i6tiM9HvrpYMEVO_gZgnsp26ib7yPk7&sessionId=
22,https://www.zhipin.com/job_detail/acf8d564ed259bd01H142N29FFBX.html?lid=6HANeZQMJ6G.search.2&securityId=Bmeb4MoYeLGEo-91_WJVxpcGYIbP74WAetTAzA9KGqsXMPF08-9U3LTgh-WofY66K9qFQYjsPymAeO90lKUglWLPCxUFrevfyqKJ8vrQVwQUd2pVYRRqlpYCtvfsKLqG0fenybSGsQ~~&sessionId=
22,https://www.zhipin.com/job_detail/9fd9e5e9e5ac021e1HR-2tu0FlVZ.html?lid=6HANeZQMJ6G.search.3&securityId=Y05Ifv-Oo4kXo-D1yNZeqtEEVdmUOElIfwUk4Sga2m9vHQlVa92nqv_wP5ImPd7XgO73oUP78Jl8rTq2OAQWKjz_LaJJmgxNuJqqxHZbTlxNMSYP4rWTNjvi7ESYXBGZRYPWFtYyIw~~&sessionId=
22,https://www.zhipin.com/job_detail/9817416eeac9122503R929y6FFtX.html?lid=6HANeZQMJ6G.search.4&securityId=Oi7oY7COG19iz-L1GtRMTF4DQiywYu0ud2YUmfqs8zSW_ylKMYHUQTrL08BdW3Gg__cKmwdoQIojhYEvTSgh38CPdwFa1edDRvykbyW5RHPPvcJLpjUm18QvtCVWYzjbG1CPs5ODH7wM&sessionId=
22,https://www.zhipin.com/job_detail/b9b666ee27e092d503R809i0FFJY.html?lid=6HANeZQMJ6G.search.5&securityId=EvppAThFnjpmQ-o1jVHxqdNzXnFJQjP-mLA_GP_VgVoMlxBAWcCqPnUI0TmRNhQf3PxFOfegmYe4yAlAlNmJVggiaYL8x7L8ei9hXBGcbzXYFk2cPKdOmmaBBzA59eiDaaQ235ql-LXHIg~~&sessionId=
22,https://www.zhipin.com/job_detail/5612a2bf182996721HJ_3N65E1NW.html?lid=6HANeZQMJ6G.search.6&securityId=Ov_yPhuhz1nGh-V1evV_KqDgkyl_LaLdJosTfJDQ2Tqx6SeXe_ui90Z6qi_uEr7bwxo9kH4bJBm193py9WyBbUtYbCUZkoS2B_l4xNQe-UXfsiUzKRfGhie7ygcdbBNJ2FnYZ6jMzvpI&sessionId=
22,https://www.zhipin.com/job_detail/936ab31feb810b591HN92966F1ZS.html?lid=6HANeZQMJ6G.search.7&securityId=iMrf_siGqbY6z-31Rx_1z8s3EW7uTOykiB6UIUYYyG65VmrFDxcZ7zF-oGFAXEQ6hoZ5S59ZrG1iI4-FgmJoHljp-5oGkHyvHMtLfPPSf9fxVROmZ001wSuhIRzAGCmof5kI2EBqeppX&sessionId=
22,https://www.zhipin.com/job_detail/eccb20d0cd2efe491H1z2967FFpW.html?lid=6HANeZQMJ6G.search.8&securityId=CHIrM8heHOU76-31FBupmysdDDGS6l5nZwpAOwVD9_nY0fbtchRobUqSYW3a8DU72FKFNMzTlpclpPs7NfMsIMp2uDwQLwIXxSE9S_5Ovq1suRMu-31W8QKZ2jeVXKvr23DrVjHqgeU~&sessionId=
22,https://www.zhipin.com/job_detail/c14d31d0a1b6c5ef1Hx-2t60EVBX.html?lid=6HANeZQMJ6G.search.9&securityId=_ce6x9km6A-kf-D1tjet6ETnZF4U8iU4wa3rGCSLgw1zlu7hK8BMstYr5zpRCUMzh76pI40LYEJh27IO5ZX_cR9ZXzKfCuWqLPNjFbCm99Xbq5j1IpbvFSwvWxCtTmQd1LoFUkX6ly_u&sessionId=
22,https://www.zhipin.com/job_detail/b4bd09959eb6c63203Ry0tq6F1FV.html?lid=6HANeZQMJ6G.search.10&securityId=M1IQxycFC8FUy-h1DOJCw5qbxU2tRzInMz7VWTQuAiGnXEYjlY5CwLG0nwQYCFydZU8RGmbWNQaKe4RIFsw0MbITkUTw73GySV4VSNVhpjauwVtti3AsHAmX4om-FOiakihqdTjwewim&sessionId=
22,https://www.zhipin.com/job_detail/bd2b8d98bd591e9903R43du4GFNS.html?lid=6HANeZQMJ6G.search.11&securityId=vM7vc8rtItHt2-k1ulrV3EyX3T3xGtlGKP37jVmEYIfXCOzq06vrfIuHnqJi3ye41SrBkUGwtUclMR0ikYjUcRO9oWGeIvYJxVH6cxijGEiG2BB6yzB6PsNfFbYX4uk0r5kTyht5Pue6&sessionId=
22,https://www.zhipin.com/job_detail/8866a9f0ffc544631XB82NW7ElJT.html?lid=6HANeZQMJ6G.search.12&securityId=GpuHHoj4bf6Y3-P1UMob0phxnlx1uXmqi4gBxHrkewhW5dR3fH5oWhw7N6_N4lqrf8gaexdkieMcf_GZq-jVm-lvMHSxh_3D6AAL93unXCdJmudS7e5l3SJ2-t6dQSisSwY7D-8P-tRB&sessionId=
22,https://www.zhipin.com/job_detail/f1d9abb1f9d956ed1Hd_39i5FlFS.html?lid=6HANeZQMJ6G.search.13&securityId=5cLCLX1BhnFKM-11-8pqBKeUUWeB9Q1HxYFah-pOXLLuB1HfTBdSXTW-Jc8cvlRZt27HXOZgX0rLb9sp5gy3pCHewytf060X5v4-eOb-d0kRigTDsL3TNwiXvnYqDPDqO4iuLzBQj0s~&sessionId=
22,https://www.zhipin.com/job_detail/804b2bc26ddd516303R42ti9F1tQ.html?lid=6HANeZQMJ6G.search.14&securityId=hbFZBAjJHZnin-41M5LFO6jVJUgeKbgGbsYPsKbBs0sr0lnp-eOBSJ8d4VwG02MUzIkOdwAv8e6VppbO3zBt0_I774Ca9P8T9-5e5CBtIBkoKx80zvyCK5lscKoEFsPmNPKRJDOwSy3gMg~~&sessionId=
22,https://www.zhipin.com/job_detail/34eb9daeb4fd2dc11H1z2Nq9EVtX.html?lid=6HANeZQMJ6G.search.15&securityId=PIMlMfXuC8pip-T1P5lRvxYzhURs17g6N1z5LHYQH4TapVtUcXazFuDN7LsO3YQRr-RoIzUF7DsgC62DVFqEyokWYl8lBjhuRGCh1lsNpvD5uqu8q2CxspUD9LRooIv60TpE6E1PCn4~&sessionId=
22,https://www.zhipin.com/job_detail/d0d5fec1e426c6241HJy3tS_EFRT.html?lid=6HANeZQMJ6G.search.16&securityId=gd1XHmq9iR3D2-q1p1zPSlxAXpH0kwWGXT05j_CCauU2WqvSG5wUPIcfDEWK_NKl6X2Ez7k-g_iX-XrumWganprouR2ac6E_FY-64JMvpaTxxe-0tI-VGj0sCWicebxqDwifvnW7YnbfIA~~&sessionId=
22,https://www.zhipin.com/job_detail/92872b38092d35451Hxy2tW9FlFZ.html?lid=6HANeZQMJ6G.search.17&securityId=tuIVHGCnsRoSG-G1NB8hRX2LvSLDpecJ2E1rHX4rDAhy2g8yLgtVHB2OxVV9ulVb0svHcB8_VTDFda4gAwRFvpBV8X_yAd2HQ1ExZcuHCdXIRb2KQb7YB4pGmGj3vLnB_x1t2S5RlyWRyA~~&sessionId=
22,https://www.zhipin.com/job_detail/e2724e13fedb75291HV_09S6E1dQ.html?lid=6HANeZQMJ6G.search.18&securityId=w0SHBpLRgW6HK-W11H4AHUr3IIO4UGyJ4B90ooHgHP4i0zRdtNnNgD9PY0Ne4C3r6IFzbbH3lxXo2CLk_MxMwzaKGAFmFpPWlCQODge6ZLmcSqgKRtXRG1pMOTIW_HzS1mEISjXbvt9OQw~~&sessionId=
22,https://www.zhipin.com/job_detail/8c106885be8064a31H1929y1F1NV.html?lid=6HANeZQMJ6G.search.19&securityId=80pImqZiD2JgR-H1gkFnfqp2t6rs6XpIdWBCF6Qmi3KHIJp1w_la2q8UtLJvucwFwau82rteg7siO7rG3hiDNIa_tnUw7GyrwijclI5-QfIBdTg6den5yrXNsGnS9NBwiReVPsDQKU7UfQ~~&sessionId=
22,https://www.zhipin.com/job_detail/301947e8244fdb0e1H1z2t64EFpQ.html?lid=6HANeZQMJ6G.search.20&securityId=1EfisUXlsmifY-O12aD41UQuddyz86Aq50SQlV0xFr4SFExfTMa312RrNOlorzPKIkuWH2Zl9tpdtci_OlyMrqtOP_ZvqeGA4rVfHnnRALJ82A0wAURFTXtJG7gL5AxXr_0CP_EYWYWdmB4~&sessionId=
22,https://www.zhipin.com/job_detail/5ac5a4bf7926217c1XF73Ny4E1NR.html?lid=6HANeZQMJ6G.search.21&securityId=cAvhxTgpiTecY-G1uGCftgVgIEfVXQAiEbH2YR7o2W6AObLYx3NZxTXiqlkPTP9_kUqnsuhytMC-LTaym66i4wMJFYybPYc9tD-2lKUXQVsMLR0F_Sl6aJ7pgJz2ICsXi6tdmywaIYE~&sessionId=
22,https://www.zhipin.com/job_detail/7e251df986ff14751X182dS4ElRX.html?lid=6HANeZQMJ6G.search.22&securityId=dSIGtx-rBrL8q-01WeuXbOx9cdzuc1qzpQQjnhJXK6eCFYuH5cFu_l-aYE_sX7aoP3JeZxfdKTr6thMOX-waPdbGgO0ZyyIYGKTarZpzR_WqeifLe5e7r8-OguNL2YvAN7kATFJNUEU~&sessionId=
22,https://www.zhipin.com/job_detail/8af7ae9a171aefbf1H183NW9F1VV.html?lid=6HANeZQMJ6G.search.23&securityId=edswHBncwtByp-81jSssEyuppZMzOA7JWsJURB1hbLshmU9q0M9_AfhSn3CumA0_A6wrsKTyA7Et76kfucNhsCaU1ZtGfJoDoL4wSeEER--FFWy5qaCqd66AR19HCr5Ds_eLCsHfyIMBig~~&sessionId=
22,https://www.zhipin.com/job_detail/92db63dd75f72fad1H1-2dS1EFpY.html?lid=6HANeZQMJ6G.search.24&securityId=InoehWdeD7UFi-61NMpeElHKHxpaP-K2Ne7hVgUhh6sX9EEoS2M9rw3DaaFlUCeUSbFX5l85GfMO-JQC3n-Z6ylao00Ag1_xTmSY3H-EcgLbS1EJ30c3kiQH_ZILpCnmlM5YcEF8_8XF&sessionId=
22,https://www.zhipin.com/job_detail/8d6bb418242e41c61HN43Nu0GVJZ.html?lid=6HANeZQMJ6G.search.25&securityId=JREHjSp2wgAz5-J1w6DPLleNzxw5iAIsK_GGtHNbJ2AGaPo9Wg2ZvY9rh5QRVBEu5L2eSK3ebrfb1w4YqPqvch1nco6CZGC2-XZ2y-h48xkyNlOpSSKzl1iqksKdfXQUFtlA2GGaXhpDu6M~&sessionId=
22,https://www.zhipin.com/job_detail/1fdddcf958a844531H1_0ty1EFdR.html?lid=6HANeZQMJ6G.search.26&securityId=gOdkgo0RYQJdm-E1ETZ98Y_eXI7bM3i0WUEXXHP-gBdBNEfKm8zca3k5zzO5Wav7r-0tUILQeq9LD-CcluzS19zLrd2_ZQCbrJf1KVs4GH_yPxRwq5ZRkKUsAVX5GNbW8aFH8_iGZ10DyjY~&sessionId=
22,https://www.zhipin.com/job_detail/97cd023f0f4d33e11Hxy3Nu6EFtU.html?lid=6HANeZQMJ6G.search.27&securityId=QUnQQNoorEzfn-H1Ewnvfm80Qhp61U_DTKfGpoe7mE8dVr_LmhFoqcBzF3kQEuP-Z_Sm-wiO-KBKIchrSXjfJPnvL87ao-bkYk2CFpbE2s21-KDWPmy0gBy0YtPmPAsai2Jk5x_SJx4~&sessionId=
22,https://www.zhipin.com/job_detail/4f7192b33656323e1Hx929W1EFRR.html?lid=6HANeZQMJ6G.search.28&securityId=RZs8vXfLhQ8Le-E1TkxuvaRjqhHdndA8Gglja5B2UBYP62M9Q64HMr8lVQ0GsTthxKJLpdCzy6b-knTjBLSrj7QRS0qa4CD-am9OIhxmIWczGivBsOWvLE4aVxuWt4YLBsMTsEEk0gwb&sessionId=
22,https://www.zhipin.com/job_detail/d9195bb47186d59d03R92t-5FVdT.html?lid=6HANeZQMJ6G.search.29&securityId=-DAz1wonDxnlG-N1OegScOhqq4yPMxIDmy6RwtpcrIveNCO7gQkqP0gIuP8xbJ4ad8PuUzx-NUUbkF_yfO2rIL7TrcJXa8tsNk9U2nJQYX-PLhuEdkGmp1ItQ2efO8M4CE24w9N9lmgTOYY~&sessionId=
22,https://www.zhipin.com/job_detail/d7871a55b68e86f30XB_2du8E1M~.html?lid=6HANeZQMJ6G.search.30&securityId=RFlk1mrt_XBXL-E14aLCAXdaN_iuy7-e8zBZl11wwXqCYRKbOgWZaK2IFIGpaI8cjmcD8PXsRpu8MEbnEUGkipDPGRvAtPGGE7InhNHcn-ZNzTernVxZhF_5GGgZ0-PdANhtqVSldQc~&sessionId=
24,https://www.zhipin.com/job_detail/cc08286ee046ff6803Ry2d-6FlBU.html?lid=6HAvny57JQk.search.1&securityId=F00XJoDukDG6d-i1aJAgP-JFFEYGTVAtRQYGLteEJ8iGcAJ506n2y3-_r9woMtngAekRJYX89G8gAd7JNvKSxGhKxW3seSq5Id70D9AYxIVYskh2QIZD-pjNnfI2vmDLzo_WLcTsOYfI&sessionId=
24,https://www.zhipin.com/job_detail/4b18112f397124cc1HFy3du9FldW.html?lid=6HAvny57JQk.search.2&securityId=Pplx7pJGzj2V3-31RlD_jE29w9FKzLNN8uHLi0YIJBGRqyh2Df94AKuNWTbXhUWnoKl8fj4yR7M-y8xKYJpPK65bO6U61wXIuVZCvw9MUrRcAA-UJMITRwaPu6eTz1Xeu5PFabMcViNC78Q~&sessionId=
24,https://www.zhipin.com/job_detail/147e7626610fa18f1nJ43d29ElBZ.html?lid=6HAvny57JQk.search.3&securityId=7p4qVqchu8qG0-71dj3vB-LDMKp4lzV--uxiyvlSMCLUByAHaKhSPYhbVXa10OGjUJSV_1knb4PaskjgoWJylkyzC5hioL0SfUE7a2a_tVJSc0u-AOkzwQpKdahoRkP0XfXuzcGYwrPM&sessionId=
24,https://www.zhipin.com/job_detail/d4e9517945e65f6c1H150965E1NY.html?lid=6HAvny57JQk.search.4&securityId=h4heH3l5D4D4l-m1FjvLWKU-_DwkURRaun5mpomnXlifNfUuWkRfurgIuxfA0nMaLGJHmYORNJ1lrfdAT8ViYSLKl8qUiSfG0ulwiEBF-f8tABzw9KNSsl9g3NLDSagPvpYIWsHrLjJrtA~~&sessionId=
24,https://www.zhipin.com/job_detail/f75d6ec6f9380eac03R62dS0EltQ.html?lid=6HAvny57JQk.search.5&securityId=uJ6NRZKGXXD7Y-S1wgoD6Rqs03d0NjTnAShp_DjsLV3YRWUnhwv-GV0XIpE2ZuRTQI_UX8K0TEhBwhhPG6sMLv3-yrK6t5VRUP0LDrBr2BDX9SOItA5Mg3A44hjmYkyqOldoRLMBYC4~&sessionId=
24,https://www.zhipin.com/job_detail/3466d5b103f497a31HNz2dq9FFJZ.html?lid=6HAvny57JQk.search.6&securityId=JZryyrDsOR_E5-d1oNu20-nUsXmLOkGD_BgIxpRlo834CV5S6CnddjlQd_OtcbAwJLAMaXbNRnT76q-t5qBWaJX-gzl-ijK-gjvr3UakQX2eOLZO0Mo3b8OeCzZ6MuzCxD5soqgm5Lbi&sessionId=
24,https://www.zhipin.com/job_detail/63711537211e21a51HN-2d21E1pY.html?lid=6HAvny57JQk.search.7&securityId=XGCAoLIBzt9Fx-v17vlebwEpR3Ln10kwd_uKoT9exTKyCFupniXuQZWvFUseUzOHynkfHq_-5NCD4eDE9wAwA9f6bn-vg_888VJlqsimg2CGCOe3YYWiiQY1504da5lI0dHbmjMgSkbs4hg~&sessionId=
24,https://www.zhipin.com/job_detail/3f219e05af6e33eb1Xd_3d61FFNT.html?lid=6HAvny57JQk.search.8&securityId=9TJvLqvAf6uXR-F1ZgFG5Ax93swLL47r4u6plLh2U9L1SbYn2ZwauD5qJC3_MIBewO6-prV--RlcooeIGCI4Ceb_R5VvU8F4mizzKwlMM9YiTWrcv-bhJnCH0x7UV_BXyB3PbJdVU5g~&sessionId=
24,https://www.zhipin.com/job_detail/d78d0594b8a2bef803R739i7EFVV.html?lid=6HAvny57JQk.search.9&securityId=_epm798b3zQdZ-C1thGmP02fa3_p0n1phtTRz48GMR5ojvrXEHzAOeAAI-GEg3rcCiqWCWKqqOa9x_kNNGCJw30-YAzVEl_cNO-Q18GKhGJlbwqiNI7N6No-1cZmlLIxdAiiBne_8SedHlE~&sessionId=
24,https://www.zhipin.com/job_detail/beea7c3b5404f71d1HN62929EVBZ.html?lid=6HAvny57JQk.search.10&securityId=sORAMnRqqOLqI-E1WqDhhZXO1E0ObJEg7tbZh0zYCdHqf8luk1ARfO3W6_E0gfcKy-F8vwLVwWfDsbDOFVJGAInrHHmPcOGGVga2EiDpJcFgxqotuD2yDuRpU9SABNRswKa32Fu08pE-BQ~~&sessionId=
24,https://www.zhipin.com/job_detail/2130948ca456546d1Xx50tS_GFVV.html?lid=6HAvny57JQk.search.11&securityId=7BeQZ3ZwnbuQK-p1Ids1lUruIG_qQjHHkarRkGq6_2dreqL204X79hHNjEUY_7qA6aAJ8nTODETCDKna9ztevLBtU78XBKUKm7eO6OLQG0mWlIgqIXB0lgrbTueYagPU6HCFgQB3HSQQyFU~&sessionId=
24,https://www.zhipin.com/job_detail/5e56aa13a66df7b11HB43dq1F1pY.html?lid=6HAvny57JQk.search.12&securityId=BMVOu9brcKzzI-p1XXmbjFFAyew_gGvTHVhUspWTbprAomtmMTOsXjWHWKxig92vrIegkAIE5SytE0qyJVquBqQrgcIrl66GT21V2JsQ4NPLF4v_9ykyKh2Bg954oGnu-f4INB-dF8Ldrw~~&sessionId=
24,https://www.zhipin.com/job_detail/fefb41bd3a86ee331Xd-29i4E1VV.html?lid=6HAvny57JQk.search.13&securityId=Pa3scJVnQ7lyn-v1B_-h_SEA4PIAmRBYaheoNBNvWM9jmG--RPTckFELJRXYl97xOVpdthLiYwSDIsAc5wTY-9CjmI-YtgkBCSvor003HV3e6Ptc9qInBZSNHL_dkXzhcXiAkITn8ug~&sessionId=
24,https://www.zhipin.com/job_detail/793972f835034ed11nVz0ti7GVRY.html?lid=6HAvny57JQk.search.14&securityId=ZPtJX5MVeMfnH-Z1r4w5VIPabXhPY1KWtY3feqdylmoUvJpEypBud8YTw4sNZhy2JqK7iK3-q_ASK__RBqaxfLv8ZAcOyH00BoqHKRnW1dlIk82B0peCj7q-FROhiTjqVaAhJYXrozZqmA~~&sessionId=
24,https://www.zhipin.com/job_detail/551ab58b2d32de211HVy2tW-GVFY.html?lid=6HAvny57JQk.search.15&securityId=oxlVNlgPUs8OX-l16c6MzRHI0pb_sluSPXHNnBz-mTxPRgDsD10yWyswHy6vqe-f4-Mgu4N9pVwV5qKQN4ZIYJR0AuO6GevCptdx2P6XpMWeeUT4HWxZV0fVji1jov8yI6gZAmBPXcM0&sessionId=
24,https://www.zhipin.com/job_detail/287e49e3b7d8aa6a1H1-2NS_FVNV.html?lid=6HAvny57JQk.search.16&securityId=D7OIw0o9YxSE0-R1jIcWwpAiEpMQ3wwTKz0-yjvEk2yif0qEDKlKqAQqxXbFfuVHiGuapUW4Jc4-qcO4gLoscDoJvgUNakGmxLrBJZOmJjIrU8bjWHxjNFvUPSpvbjGrddmnSw~~&sessionId=
24,https://www.zhipin.com/job_detail/70891fdcd6a4747d03R_3NW-ElpW.html?lid=6HAvny57JQk.search.17&securityId=kjVGNWMUxn4cJ-q1hauWOTatpHnvFgmXjFgi6tUCATeuNtia0P2KEO2ivBpfkDxa9Tk-dk-d7IxNl4ReCc8jqZi56N7KdAxo7wjticWL0EUDf2FaW53mG3CDx8J-WQrmcOD5IioV2w~~&sessionId=
24,https://www.zhipin.com/job_detail/fb6cbd6abe0545f61nx_2dm1FVFW.html?lid=6HAvny57JQk.search.18&securityId=W94jl7WDLCey--R1xcxDPeD211atwIfgcITB8T1_LL12Jf_CyurTtDa3LZEWc7zksqxJpV3SSbDD7ZumyOGNAvNcL6-EsIS2tz9kQohqrOJm45R_SOUpPsUfA38c80Dh7WDl5NmEgpg~&sessionId=
24,https://www.zhipin.com/job_detail/2ff2ecc115590cea1nZ-3Nm1ElFR.html?lid=6HAvny57JQk.search.19&securityId=Yk3ghlkl2BlV3-z1LrDl8TgRnUQu7rNjXGzSZbRrmccKUE8dXxia5p7PuhCbDTLtAl0BcNEdVbp7n2yP2UDt2xCeKupoMKzXmemR2D_1VNB3b-cIpfwJwpGVyzTiMKww1HGmMBM~&sessionId=
24,https://www.zhipin.com/job_detail/38be307548faaf021XB73d28FFFS.html?lid=6HAvny57JQk.search.20&securityId=21VXbjSW54yr--a10Xq30NDBHKzAu0A8RycErCJQJWChsJrff7XGHxjhPiYw2tNHzKqauN_3HuCFVRO47Ks8Idf6wfq4EkA-QQJSxjdeTfx0FiX5pJMw1PA62f9tWdPuraWA1qITCTsAjQ~~&sessionId=
24,https://www.zhipin.com/job_detail/064b105de29479d21HN-3dS1EVBZ.html?lid=6HAvny57JQk.search.21&securityId=2kvOKF1FmYuJ4-O16IjmRqyFWk9DOJ-3Pjr7P2e66Sf1jYLr6TOievyX9vJYH_wBBkOJCji2IcBOPli5nRMu6etyzmr5CJjy2-ftESTB5DMQYasPvHPLGc66FRMFnhQctR4oEVIXYOc~&sessionId=
27,https://www.zhipin.com/job_detail/572ec847e7246d2703R42d28FVdQ.html?lid=6HzYsU1PvVJ.search.1&securityId=NwOT54e1qnoeC-I1Wq2N-HJxcBKdq0zkNL4zAS9Yy5LfBVBhk3LgB2E52oWxNdgu81ZH2yrNYfTpoS0Tbn2l9OPOSNXnH5pjSlWtYNwdRfnX_-FjG-7VpF9EzARdyUk5y7Cf4_1iQ9uQPA~~&sessionId=
27,https://www.zhipin.com/job_detail/a7af8b699af12de41Hxy3d6-GVdS.html?lid=6HzYsU1PvVJ.search.2&securityId=Bt4YRLqanGkkH-z19a2E3nMToDCi4Paf3B1-FhP7XwP6imHBvJhVEgl9M1-1Ihfk0ojQ6Hn3TA--TF57VH6hgxrPEa-Hpb6C6apZx-ltorh-VnaKzi5wLJqJGOYpcDMB8jgpwXQ01Sg~&sessionId=
27,https://www.zhipin.com/job_detail/28375c04245785f91Hd93t-6GFRR.html?lid=6HzYsU1PvVJ.search.3&securityId=kD_jrccvkJFo0-11XSy80baObq9KWKYeAbmpASNN4ti460I6E-JLA1M0WcZiR3OcZ56Ff5e1shCFCCa6mA-QhBJJJB-OlSzmosikPepBQNNhp6kqLa_sAxvmL3LpshRfiPjZJEXKOE5m&sessionId=
27,https://www.zhipin.com/job_detail/6f9b661c2e70e6f31Hx_2ty9FlpS.html?lid=6HzYsU1PvVJ.search.4&securityId=-FPrJV1eo3JU9-p1YmpKLrNe4vjWeZD7DQFrM4jwQSbSsW14FWijReVIjheSEOPt4OwcyXK7iB65EsY3GT-Eicu-WfVUawQH8JHfvdZLuhnlxO05LKqMrUVneNkpFHAYXdc_wP7i493O&sessionId=
27,https://www.zhipin.com/job_detail/c218a91593fe76401Xx62Ni5GFZV.html?lid=6HzYsU1PvVJ.search.5&securityId=11fmN23QPjS7i-L1TkBcpgEbY3aF2CVScz4oR7ZI1x5__8nn45ERryNqVJxKaig-G1d8r8mLNCSbKbxdlS8SGkLl82phKI-F1VSR4cFzz1j0oMK_MvBMnqzYWBrJ591lnucxBVSqY5u7&sessionId=
27,https://www.zhipin.com/job_detail/5895da53a96489781HB-2t-8GVRU.html?lid=6HzYsU1PvVJ.search.6&securityId=hd7hpYliMS4vy-p19jzkE8qbHZn56ocKmWgeSUMePm1hYnLQY7boanxI5vsqQy9VZO6FsZK2lVv5bpAmUbU7KTqAJ17efGzP56geeq-yexyWCrnS2T-P0SZVDsowxGYaBaItE54PEyUqXdE~&sessionId=
27,https://www.zhipin.com/job_detail/98a03c0f1ec6aef81HN73di7GVVW.html?lid=6HzYsU1PvVJ.search.7&securityId=VxjE8eaDiXF1R-11NBHQtt0D4UmawckcB2D-00p0Y8uow_JYjKPdViOAWCW7sY7PPUhYHwyF_uGOM9rP-7qa_iJAHhGprdDbGkAeWar_FKa2WbhfnfkXoszIeBO7FSyZsbYYetGup5paRw~~&sessionId=
27,https://www.zhipin.com/job_detail/b8fe39cea30f7bb903Ry2du1EFpX.html?lid=6HzYsU1PvVJ.search.8&securityId=AvjT2fkPuJv49-x1vA1ZzzRvdqM1V_xZ08FCv0g68eKW5hw6emLi4oT1B71_7Zb4leIk2ZvQWaDReinu0DS2rc_zYaL43uhAZdd3tA1WrebMdsxvHLrEzwnNTq_6lz_M_JDVP_Mvgw~~&sessionId=
27,https://www.zhipin.com/job_detail/cc74161676e1b8251HR-3tq0FFNQ.html?lid=6HzYsU1PvVJ.search.9&securityId=0qgtney9KxcCT-t1B53ESL0_hrbFCaN2zByMh4on-3D-9rgmgMJNkg2WiC2UhxGfCIzZs5WfF3N3KCkegTV2a2_d69_RqOBGMFeVBuXCuERBfYQt42PCKI_oZk7t56p2wMj5XkI1KBM1rA~~&sessionId=
27,https://www.zhipin.com/job_detail/f50261bf207254131Xd42Nm9FlJR.html?lid=6HzYsU1PvVJ.search.10&securityId=OXUi7xqNlha7R--1F9Vlo3GB0sVGz4avnqZgZ6wBCAYT7w1uR5xOkcTOgKlInH3SAwlBK3-fMEDQLQ6rqQIiuAUNjufTBTOYn_1RWZ_2XPEGXNExVvoJS_T3xN3156JbPtVHi6jSq4h9uw~~&sessionId=
27,https://www.zhipin.com/job_detail/507f4922bc3daa361HB53dy7EFVV.html?lid=6HzYsU1PvVJ.search.11&securityId=qT7vittPVPBV0-61YSTOLd6TZf5xStN4HE_60Zw-aTUewHMQVARkWjixlIfsGjh2HbgzMXzrAXa1ZXCyMPo9jQpUOkJ4nYcMON_ZKDD2DJbxzGrPpiP47wq6ei6bmC9ceYtjtqUX5F55y7Y~&sessionId=
27,https://www.zhipin.com/job_detail/758da564ac1d27971nF_29W_F1JW.html?lid=6HzYsU1PvVJ.search.12&securityId=2LL3bg0DB18Vc-h1fH7qKWEhaRvMtMfHj4XS22Uf3NBpusN7EnO8FVnpDSUuBiYiQFliVgVahHH6ai3ucshgpAHN7UZK9Jf-vuO4LMGvYdS8zdWnUqiWAzTg0-LeBpj51JQQ3SSjIDcrew~~&sessionId=
27,https://www.zhipin.com/job_detail/c38b0420ec3f516a03Rz2Nm0E1VW.html?lid=6HzYsU1PvVJ.search.13&securityId=OKKiAEZ24HbnZ-f1Rze7s0tWr0An_vk2oTCOcTnQ338D4TCQ-XC_nInbImdwSRWR8hpxpfuwPOjUNarNlo3Mn6qKSK3L8cBXPsSW1LlcKb7vwfFXkztqOfs1lUVp9UkvBle7J3C2vZg20bk~&sessionId=
27,https://www.zhipin.com/job_detail/30ebce639a18849c1n1839u9EFJZ.html?lid=6HzYsU1PvVJ.search.14&securityId=BjiNLq8AB6Fls-51dpI2lmdLhJ7sPkJe9E8KtRlkp-yHhn2tRsOnSc3EzmrllnDuKgeYa8DXO007AzARZTb7K1XlecwyftXftc_9pl9K1zAiJIPET_N6hMOISI-SY837aL8wphLNFxM~&sessionId=
27,https://www.zhipin.com/job_detail/790e7bdaf1d3eb950nx52t27EFM~.html?lid=6HzYsU1PvVJ.search.15&securityId=riL8HOW5zqCTr-l1NHdmav1cT0i1cG0jUa3eZBEgF2iX_tjIwqVJbrlTWq1eQrkPx-n_RRpPtkAy0BdyNq4xv1idcVKTv2I1I6PgqZ6oeYmqwf2Rh4WKSHvOKgtCrTWP1E1zusBklns~&sessionId=
27,https://www.zhipin.com/job_detail/5b81bb3b83a913921HN52di_EFdR.html?lid=6HzYsU1PvVJ.search.16&securityId=6CrqvEQqSbLIC-a1T7GfAF0Q60m6ic_8lwW0goSv7PvQ2hMrbdND8dvquD9IeGOfkBJzHMSDcUHc9aFkhkkTDAi5vj_sxvkfWJEXLjWiZWLF71wCW-pJ73nTLXUlNMybV5Y2nQ1CIAtL1Jw~&sessionId=
27,https://www.zhipin.com/job_detail/a86a4282c8b4b5b01nB-0tW0GFpT.html?lid=6HzYsU1PvVJ.search.17&securityId=3ftE9SREgxHpD-z1KmeJeorms9Wf7pO9H5Ws4caj9IFRuK4W-Ds0lTf2ySYkn5i089MVEazAXGINLwQFyAsciK_Ch-DHtoFfeT_Efv-HNmOPb3wAVvwEzxEC3vi5UT829W8L_beipzHZ&sessionId=
27,https://www.zhipin.com/job_detail/dade129412b90c551Xd93d-0GFFT.html?lid=6HzYsU1PvVJ.search.18&securityId=kA85Ko0ZroRTv-L1HK9OtiBDe-GH6cXoSVNrPRnLopsTXI49_GXsCdGLpnjhJpT8J1bWXseELp8Cd6VKpW-tjoHiX0OczTiIdnjIRLV0rm-I9fI07wjUadw5dBr1Z5ClOlhgT5Tf55E~&sessionId=
27,https://www.zhipin.com/job_detail/0c1dbdd53e2f7d7a1XB529i9EVVR.html?lid=6HzYsU1PvVJ.search.19&securityId=LVXSQVbexDOK1-w1PMb3PdXNHUdUBuFwnvSCb8OK2QlAoW89nFTWNvKQzM9TWMYKv1M7G46GFuXRsR78GTGGho1BdeDbGJzEtC7L-rwTp61QtS9_aj7zpaWOYaUDO-IYLGclp2UHJcOp&sessionId=
27,https://www.zhipin.com/job_detail/aaec27cdb89a45ae1nV70t2-E1BV.html?lid=6HzYsU1PvVJ.search.20&securityId=7Arn27pIGVJFp-M1GySL9-4jJHkY6vduxKrt2yzRwlgrUPEI2x3R_hHaz_5hese_mhMGLKNLScxpSkN2COKQCzF8OY_tvFfUmTauFNnyB8UcjJypfanMLQ9KVUt_he2-CfU5sbNaUW3h&sessionId=
27,https://www.zhipin.com/job_detail/98a7f684640750a61HF809i7FVRY.html?lid=6HzYsU1PvVJ.search.21&securityId=hnWvPzdUfdM8t-51_pFJzvZvH31rHi9aokV9nkudUQstVvW68Lsn8uybVYVSI1iEc3OGGMzq5maYgCQsYuD9_PG_24zEf0QYqVmHTCoBFapHIDIXTai_UfUz4QTbGuWV5G3F95_0&sessionId=
27,https://www.zhipin.com/job_detail/526867967cb3bf731nFz29W9FFNV.html?lid=6HzYsU1PvVJ.search.22&securityId=kzQ18uOwK9rC0-G1-J3Y2N_P0mG1a7jlKZM6Lp8gUFhALLMtjaHd1Dr0I9mrqhU9TBnEbAmH66k67mX6scJASpjwKg-y_t8twIRSe5WUZsTciyPI9n_KHnJs_0XYfPh4V0jDepBdNVy3zVM~&sessionId=
27,https://www.zhipin.com/job_detail/087817e67a958d411XR439u4FFpX.html?lid=6HzYsU1PvVJ.search.23&securityId=sMTPKDvsONtkA-Q1iUKIYc37A0Q-Ym3LUQrc-PwL5REdAYecSS2DM233W2_PxAWlktqTL5PUq97P9p2G1mrl9bzlqoIpxD98PKrHy6VIOdorGmw5ez_0Jfl-ZAiyn6JkKHdihoTuxysrAg~~&sessionId=
27,https://www.zhipin.com/job_detail/7e8d6d7e6b20c0671nB-0tm4GVBR.html?lid=6HzYsU1PvVJ.search.24&securityId=D1FbhPClE2qDh-C1JEgPUWBgoLInJhi-apZWFeDzkK2S7laFUIu9dNpNX2eS-vz-5xtfX7N4EsOyBIy9OEfhPAjtidxKrmd3oWnCR8Rnc7aWa3ZvPJccW78HVEm-xANGj_vSRbww-tW2gw~~&sessionId=
27,https://www.zhipin.com/job_detail/b2515d1fcf0772901XR72di9EFNS.html?lid=6HzYsU1PvVJ.search.25&securityId=GsegUE4hOuILE-31JH0frLHPidGevFW2tmX_3ifL76TiSq_ni0dnNEenA7wBiusfDu43JaWmggUwO95ZX0tQtjr2yJazLFOidm5GsKZmU6NuGxVcFVvH08Gx3Jq1ijnIH2Daqo4eJFKShw~~&sessionId=
27,https://www.zhipin.com/job_detail/435886b3c3e082680XR93t61EFY~.html?lid=6HzYsU1PvVJ.search.26&securityId=uQxOU7dJ3qWpP-K1WnqHf2-daLxUS9RCqWhZf59Yd37teJfBqIL35xJhEqOJJciGpaoBh9ksHGUh1Rk771bg3GiOuLWEeXCjU1m_ZqeQzKelBqN581L1xBE12OO7dhcbfo4d3hY8eyIR&sessionId=
27,https://www.zhipin.com/job_detail/0ae97d1ce30182011XV93960E1tY.html?lid=6HzYsU1PvVJ.search.27&securityId=8hII_s_zDBusF-31M6U6p5SbuCe_jB5WQ1-YgUDCZkDiqOQVvfG9prfnc0LUogvtV5kM-wpwhUk2Hlg8XscY2L2wqvAX1viOlGjIYE8mrGVCeGJJynmbnJmdwe6d4Pe7VwfWnC4tTJ3b&sessionId=
27,https://www.zhipin.com/job_detail/c0b766bfc77ec5751Hd93du6E1pR.html?lid=6HzYsU1PvVJ.search.28&securityId=zjBJxS50eSMZ6-z14v7MQ69KNfDHCcmJxV1uItNKSVNYfhcngSyZs83xDgMKtjEHUd31abX0i_RX8ZuvUhsyknZ3yTDOEN4K5ORBuyBIZVlb96hIfusJkgFvg-1-Nfe3rKvqWoiVrm_Vazk~&sessionId=
27,https://www.zhipin.com/job_detail/361d5998cbb2186a03Ry2t2_F1JR.html?lid=6HzYsU1PvVJ.search.29&securityId=7oftUdVinCWEm-11mSGlbbJr73FSOjNCA8t8LhHyboy9QmqGYABU9m3UZvYWvAGz_NRJC_SbuGTsowrsmZLirrvuBANGh7br_LRT-b-aSRXCW8vdIzBzPOzbOdq2TvpdOQC6IYcADHXHO5A~&sessionId=
27,https://www.zhipin.com/job_detail/4d0db872430173bd03R_3Nu4GVZW.html?lid=6HzYsU1PvVJ.search.30&securityId=6Njk9lAZANAZn-V1gU8ricAmuzKCIyrRAftJ8mlWUQlH1dtmL7a4Q9XhAtPNui2aAe6ljLGzvfEFtAVOfn82OV9JjPVDUK44cNEVc6yjs1FK7PNDXVpKRDph0_SWpQCF5qb3anXaQ9QH3mY~&sessionId=
28,https://www.zhipin.com/job_detail/184f477bdaaeb69d1n182dq-ElBS.html?lid=6HzQtIjwVpa.search.1&securityId=sAI8LUkBfkNXB-y16i7_9Y6SMUVxB4MEMGAhVbnAIYhPkQjEPPG9DV_mG5IqkP-bSJU9L_uML5TybGEzw2CQXveBmbkjh4vDJXLfRxB-c_CcghfOMuSdLrIYE8q5slVYDP7kQOB25JmL&sessionId=
28,https://www.zhipin.com/job_detail/648c5dd1d511e4d41HN_2966GVJQ.html?lid=6HzQtIjwVpa.search.2&securityId=Y3i3svvCz2Ac5-41U4IwvEqp9W0LPYvDZFLQosYRn863VOeLgqrKWhkWXg6ZLMBzKB2JFmIGUaFuAbiVFfWzoI7nPV0YID7d3cvjIMea4FgD4bQbU1WYvAr3EIsfbosvjjyeGouT396KnVWguOZhs0MDJHrfujHLQ26r-8GEvlUT-aI9zw~~&sessionId=
28,https://www.zhipin.com/job_detail/4432c825fc858eaf1HR83ti4EVJY.html?lid=6HzQtIjwVpa.search.3&securityId=SJD0vDkd4rMhX-Y1mrJnZ3Nec1lh1oDwMjYXrL_xXPC_mDkmLfCemtVVGcckJK53Ab1SHOnUg8VS_Dcp4gvtekg5040HtayV_QuSVcUTmthY5ziAEun7HPUT5V3G_sgiYAMEr3pP64GW&sessionId=
28,https://www.zhipin.com/job_detail/ddfc8133569ce5981H1_3d-6FlNW.html?lid=6HzQtIjwVpa.search.4&securityId=cdwCRkfVx19Hj-O150ch6cXGpTt4F2W830XEXgVxXjmc7l-YNIX_h89TTgV76wNFtFuwwqg9A61zQInvNM9QUdM8mz5-YY-Is7U2Ylth4JhKokLvUisY9y2uM0loIUMf_BAuAN6T&sessionId=
28,https://www.zhipin.com/job_detail/c389a732174c6a5f03R-2N64GFZY.html?lid=6HzQtIjwVpa.search.5&securityId=iP5TCZqXCVRhy-c1UBv3BcH-ElYXK_T8OcoHC_J4uALcWr8y37wINxkcMqpECjfdFShOAlcy3qvohI5pQKcA-_AgF8d-dBwXadH56O1tJPxcAnSeNcaKkns054_IuO8xhN1xSbaCP7Fw&sessionId=
28,https://www.zhipin.com/job_detail/8bac5e1e05246a421HJy29S8FlNW.html?lid=6HzQtIjwVpa.search.6&securityId=jR1oFM1ytEYAg-V1wbo3_Z_LePOkMyXHj77505bkFBGVnQWFv_T2uXkfx2w-QX2CVq869CktmTMoPYa6k9ukt6DM6hguAYvxeI43UjRtye8jK8YTWmlvuwaXE9__FVTu1or0dWNW&sessionId=
28,https://www.zhipin.com/job_detail/1dad4eb87ec7b6981HB-09i_F1dZ.html?lid=6HzQtIjwVpa.search.7&securityId=AwLlhoF0Eqgu6-U1Mb9yGFeWp2j1d8wOeLx_vp0Xzca7BH8ylBNnhf9054Oku07fgkzR7V62bUVubGA-KiazLT4wQP1UoMeIkq9vIi5TzS-hrlrNtlGSPBppAm2t_p73eupnJMMWuw~~&sessionId=
28,https://www.zhipin.com/job_detail/40c81cd58da416f11X1_2d-5F1VV.html?lid=6HzQtIjwVpa.search.8&securityId=Cj3beC4PsbAzK-K1Xcw94LkzWVJOZ57UXUXBJwzsSgGyvxWTjGY905_XxNLd1H6b3yfZnf4DbCdu2Xit1P7leXVInhXp1mUjz7LnXB8gUS7A8aNlJWgw3bdsBlREdz8LKV3XWAp5yLDF&sessionId=
28,https://www.zhipin.com/job_detail/4216a1a31026259f1X1809m_E1ZZ.html?lid=6HzQtIjwVpa.search.9&securityId=BdOUJkSTshPnO-71AImapwLSuZ_3UpDcvMzzwuVyyW4EZabWHa_yIZL5_VZgrSjfy5Rf0GwuGpapJbOAaLriHaxnsoFnk6JvEdZ9evBmYgUi3tLOjxBUgZAnuC1N6DC0TVI1XlfYLUI~&sessionId=
28,https://www.zhipin.com/job_detail/e65c5f2c8154f5841H1929y1EFJZ.html?lid=6HzQtIjwVpa.search.10&securityId=1c5EgW8wPnuea-816oETspXEoEQ9sZTT8hwKdu0bBu7eTxwP3qDQVPd4KnCna71OZmqH2vEV1IODsvCohwKYDqPhAMbVarQ1Tr-FKM8RkDJ_vhJJfSkpJXzhIF2PZHOAk_eEL0w61vOOWg~~&sessionId=
28,https://www.zhipin.com/job_detail/d332fc3dc57eea011XB839S7EFJT.html?lid=6HzQtIjwVpa.search.11&securityId=8841GvvP-G2OM-21gaDkkxDvHhhonmeiU00U2DYPqpd9D2OOPnyClPfWVuPASZdIYE4Ze6S_uwF_LiG2tJwQxS45kdYEXjCX6Jy76J2wROajgmREXRIdn4IUiUZyhUUYMmUVObjVZUmE&sessionId=
28,https://www.zhipin.com/job_detail/14c5bf41b435356903R_2Nq_F1BZ.html?lid=6HzQtIjwVpa.search.12&securityId=eifb0aZwpbcki-i1FykqYOSCsBG9W5hQWajRjHl5uhC7aXGgMvyqHi08qti-MX-JulSTmpK19WYrJrM9zStn3W8THb1nzLzEemqNMkAlNGr0l_DqTAKbBTuCknsy7Ok93hKQr1CxNVT3ICI~&sessionId=
28,https://www.zhipin.com/job_detail/49953ca668aa51741HR829-6FFpV.html?lid=6HzQtIjwVpa.search.13&securityId=GORqSRRuHOlCq-E1CDRkIP9xLhaEeuRHCRz0pHMCx-jTDaZMb6Z2SC1z-V-J-D23eWTApK34qWpkL-wnJeMejo6w0tfSSXUN70En-H7juMV9YN6lne0IvS9uJdqrjYEmMoKON72oTYhoaB4~&sessionId=
28,https://www.zhipin.com/job_detail/febdbdf7c1e897371Hdy39u_F1BS.html?lid=6HzQtIjwVpa.search.14&securityId=uJ7vTqlZmQiOI-j1Now6pSUCaEHGJrbV6DFgyhTJGA26Lg7alJ-y1_D01TubWZCrPIjzYryCS2jfNjFK_hCaXKe5AhmWkeB5QwoAWvA4KsckH9mThKqfSKQwTv1V0wH0msn32pmiqxVWKg~~&sessionId=
28,https://www.zhipin.com/job_detail/c2eacffd32808bd403R539u9E1NY.html?lid=6HzQtIjwVpa.search.15&securityId=NqMiIh-VsBu8t-h11KQPLeE4UZPOZ4yA2R3oJP1x9U-6IoLwJ8krIEac-DZiCNM57JoQwymvo1SFhEbyTsmgSadSDevWwQXWv89bVblRZ9SQS_yzzGHurAfd-Zvfxhg_SZGZjbz7sbawwA~~&sessionId=
28,https://www.zhipin.com/job_detail/3ffeacbcbcc057311nNz3tu7FFdU.html?lid=6HzQtIjwVpa.search.16&securityId=VvdfUBQxSEjYQ-x1wpTum12p8C9I9M_Ut6s9dDZHJIGZuw1t2lsHVzQZRjl4VIZIZ5ICiuy1X9gKGCfF_zGo54XWMJfmfhm5eLAMDUhuKH0LmDcyRTFhr7DBrVtyqoHOYr1hnutmf4HFMQ~~&sessionId=
28,https://www.zhipin.com/job_detail/75d14aeeed0184661H143NS8EVdW.html?lid=6HzQtIjwVpa.search.17&securityId=yihji3Hf8W0vf-L1IMxdD0-4rXiBt_RRRmjFeu_jLBMDWFE6Sf21gNERhfLE8kBP-Jajxyu_jxNQV3HwRA5PisDj7LTu91L_TvOqiIIkkks__KMFjQP5bW0kNntUrPzh6CHQbrSp-ic~&sessionId=
28,https://www.zhipin.com/job_detail/d967e815fae9344b1H172d64GVVT.html?lid=6HzQtIjwVpa.search.18&securityId=bnLGHJ2EhE-On-b1-s7c6UumljmD9kg0pE_qdy9hVRL04KWCg69d1UvxwxQdH4EWXAgRjU41lR-_HdcbQPOxN53Xu-lr5R7GE_LnrSoZ2OI0YBNsvmOmUYg_pqVUKjToWga-8XM8TMyfpg~~&sessionId=
28,https://www.zhipin.com/job_detail/6f7e1e61d2aff93103R539-0E1RT.html?lid=6HzQtIjwVpa.search.19&securityId=fCh6ScrtIpdpY-H1dR0Ei0jda8C3B0RCXRoOE31dUa24p7-CceLtETX1dM5Sbd0ys9hHQMKPKlXmH7H78WD8Wt0PO29yi_17hxdExSI3OlMiOr2yp02T3RHgGQ7NCEPM4jG8iQ~~&sessionId=
28,https://www.zhipin.com/job_detail/173102f5acb0ab231Xd90t-0F1VV.html?lid=6HzQtIjwVpa.search.20&securityId=ZgW41BMobCJBZ-v1XnKXznWi-jzu_kC9IBC7iCVaUeAZGHb6drzgnwupXR_NavOB5Zj8HsnltnsZvD0zykDSiwR219DRkmKAp5JKdZf_y-AKk2iV23wSbf06gp7sO9-5qWQijZo5aWfa6w~~&sessionId=
28,https://www.zhipin.com/job_detail/12ebafccd05d43c11HN-3dS-E1dY.html?lid=6HzQtIjwVpa.search.21&securityId=0bzC_IjbvoGEi-R1AHvEtGc42WZXDapjx9Fhsa-29CHcTVVPksVigDZzyEAqSM-1KliKNHYONdmwHnqgRxq98-2uCFVZBOS_ffnb3cshgQSrQ8mB9PVMFeYn8U-u1NLpqGLnQ-V0IEc~&sessionId=
28,https://www.zhipin.com/job_detail/666b5d9637f03b981XFz3ty_FlRS.html?lid=6HzQtIjwVpa.search.22&securityId=etlMIBRyF9CTZ-Y1ogecM0pfk-mRQzudSmLssF5OsgKW0VeM1cQB2ZMnz1tevrcxQmWp_yA2uCSrI1M16csobT-ldBI2nfETBKQ4MLOo7jsz4nCv5MjZ1vFH_YNLZQt2zUvawdfEAG0~&sessionId=
28,https://www.zhipin.com/job_detail/1ab885e1757258401XN-29q0GFJS.html?lid=6HzQtIjwVpa.search.23&securityId=oxg89Ei88rW7j-a1InCtaa1f1HXUMysu3MHPNPRXnxsEyycAoJISFfs6TY8Adn7RCxkoxsCbk1iPuVR96VvZm7KFARsZRA4MB9vIP79x0kLgyEs1ADsrl6lhEMOFUMbAVDFL9xQB-VvdKw~~&sessionId=
28,https://www.zhipin.com/job_detail/3179d983d855e3531Hdy09y7FVpV.html?lid=6HzQtIjwVpa.search.24&securityId=1z6umTDT67V4Y-m1_zrkBzABLV_mbXG8i6ZnjE5vhlMFOGSP_gVDuwJ9X2dC-TmhcXb7TKOzEFPhkqsQpFoWW-p3EpXdr0vZjPdi0aKK9JETRu7rWjotlsIWEnAywJSzS5-dHjA4sEI~&sessionId=
28,https://www.zhipin.com/job_detail/c2a174968d55c83d1Hd829m4E1FR.html?lid=6HzQtIjwVpa.search.25&securityId=TAdWakVxPn81_-v1Xi9GOPBoTbcDSSc-PYguNYFLzP1-6mO80TlmBdQILGPQhHh7WBPFyw2QOY8iguFDpQc76_ICu0roDV8huHsRZg310HywlfaNWO159GSsCOjH47S7CQUF4uBYyFNE&sessionId=
28,https://www.zhipin.com/job_detail/4c060be1a59297841HF_09W_EFVU.html?lid=6HzQtIjwVpa.search.26&securityId=VheBssXx7PEb9-E1MsEbnLl36fZuPYroQ-4XpZD6C9pn8TKVIImlP060fbI0iPjDF0fVwFo2nPDkkTT9bRQ-xi1VXbGOdywhgn1JVRlHCk9T5Xweufs4EOlgU-WZ_CiaLRa7r1ZyJNvxlMc~&sessionId=
28,https://www.zhipin.com/job_detail/113edef647acb00c1Hd93NW5EFFS.html?lid=6HzQtIjwVpa.search.27&securityId=LWQ5RsYpn1qUt-6141YmJJC1w8ZnI45O0VZ2r43igjP7gve12voC3MBuRwa2bp4rFpWXU3vqnnVjLaAf43yrRH-yjlkjARMLRcTiGDIj9rOiA1gZIzbpwtUdKlMd2LVTKdU8I5H9yw~~&sessionId=
28,https://www.zhipin.com/job_detail/15b95cdbd7913e391HN82di4FFNT.html?lid=6HzQtIjwVpa.search.28&securityId=wFQqNCaWv1cEY-T1ucp8NA8KTiVwXnahtk9AC-S4pqiC61wNJQ6BrPBvKaQBBDDQu6vnbliocVH2IYyaZJkltCZLa_TJ1rUasfJMlSXc8t5VixeLrrk4TULRlPcZZ3R-zEE6dang6OQ~&sessionId=
28,https://www.zhipin.com/job_detail/c55d41772912270203Ry3t24ElRW.html?lid=6HzQtIjwVpa.search.29&securityId=IASPXaYjoUroo-c1HzH1GeAJoT-qOtZZuxzKzr41BKN6Di_xKauY0VkEqfWydl4XX32H_Te7HhbVvNrMXxNfC2HvbxjKjM51N_PAd6w47ATfJLC8SMGQGs3W3Cq2GcppOwQtI4x-e0dL&sessionId=
28,https://www.zhipin.com/job_detail/6c7e569f7b5309dc1HB53du-EFpT.html?lid=6HzQtIjwVpa.search.30&securityId=Zjmg8Ba754qvk-X1S7PPg1ICMB5WL03yidH0PBY-_fzmB2FHzoNdRH0kFOysLhj8xt7gV7L5v9VVmHLc5Wa2WPUNo9mCu1nVztYa_SgyjXSFr1lWyRoieVQTGYAjEHO-tiq3NBDs_aBh&sessionId=
29,https://www.zhipin.com/job_detail/0fffe245944f8bf81HF_2tW_FlFY.html?lid=6HzGhRy8PBQ.search.1&securityId=fFQhniK8h7F7N-K1q6zQOvSrLLUyytrvozlCYndpGIJwE1ZQ_9CepQwwSAlsQ_WSR7qECW1p7l0qSboUneyrS2y1Y8acjS1igAPLy0BLdMIT1gfhg2s1kK87mk8BVRTq41_zSOE8k0Q~&sessionId=
29,https://www.zhipin.com/job_detail/368fd041e54f41961H192Nu5EFZV.html?lid=6HzGhRy8PBQ.search.2&securityId=A8qK6QI1fTyDN-O1QOtV7qaZAsUP_URcpiDn1EBSvMQ1LQKfS0XqrXlwhY5oUXzUhImxfQJSVddFqq13fYgza1Vd3URuG3NO8WN0cuYqBDefN6qQ1-hzzAlWEOqhBer3BzrbruTBFY4~&sessionId=
29,https://www.zhipin.com/job_detail/d61b0df2114948631H1439W1ElJW.html?lid=6HzGhRy8PBQ.search.3&securityId=o3xocYTE9MN2c-p1SsVskjmGAbh6hHNziYgQleL9flBVR5aqxo-sGBr1sk2BIttLDm8NODknNDl2c7tIbQ_E5Kn0T-xAifAsWoW56Ssqg_z9B38b-fIRbwSzG8jPUru3WnHlZiX7LesJ&sessionId=
29,https://www.zhipin.com/job_detail/40e55e111e76d2771XV_09W5EVpU.html?lid=6HzGhRy8PBQ.search.4&securityId=JJaTsHuU8tYBI-z11R8uruOIoJqmsSdtrOF0LKkUysNedxBRZ5kJDSi6WNG4-WtKSUe05v_3butV_vVE7xJjwlep0_QliPSURvAmQcDYEfgbGkKN9H_PEbIUWxW0ndKge-YafRX7Bom34g~~&sessionId=
29,https://www.zhipin.com/job_detail/741565df46cb86333nx709S9EFI~.html?lid=6HzGhRy8PBQ.search.5&securityId=Xso2XuZNYbDn8-O1_Xe6MBqKD_EiGO23s_Gfg3Xwy43PRbPmvkVwI5oOylgyVeQNErSIIGkwKgm8oedMOBz_tZpYNgiia2f9H99SXAoqOjqV3jWng5q6Q2sQZBskBFXQlFljApYCJ0sE&sessionId=
29,https://www.zhipin.com/job_detail/6d6e599deb8295a01nN42d2-FlpT.html?lid=6HzGhRy8PBQ.search.6&securityId=au1TRjjQj0R8y-V1aC6vKDj7a2Sh3sqwJlR8a3W-YdZncYxgmT7HYL1ogyKaXVemCtCz7Ql64_9iiqFPkJme0uv2jV-4rezUqGFotmCOSMPFcd58eUxeZu8AEl4yxqowTqq248fCbngK&sessionId=
29,https://www.zhipin.com/job_detail/24c8d82f4a4b4aca1nx83dS8FVpV.html?lid=6HzGhRy8PBQ.search.7&securityId=yx5R_1z2oH3Ky-A17k4c265RPJqkA-XaKqT5zwTGzUzKPMsst9rJwthsJB7BAe73upsPnvunFZO58n57aXmaJVMdFjwnfMtLn4DksYsUqPUmk-eM3XnjYDY2jRtswvsxwKK85p-m46yI&sessionId=
29,https://www.zhipin.com/job_detail/7f91638d32dd58720nRz09S_FVY~.html?lid=6HzGhRy8PBQ.search.8&securityId=uYVu4cIfmrreV-v12tpbtB8T0tNRYNYB_qsq3KJhUKri4JjnWPlgNA4ATRTWv98SFhmKG0urmINbbLuWAMJif0BuZU_s6sEKAHLjjyEkSGfjODy8Spm2blsdLO6Olz44LmlqPH9fMbA5&sessionId=
30,https://www.zhipin.com/job_detail/85b42d374873328703R53tq6GFpZ.html?lid=6HzwVKmBIf6.search.1&securityId=7r4Vv7XrGY_Kt-n1wfDzrul2ZYOHFAEQuhatmYjPkRu3s3bM92NyHyBrWgFiEGI5ok4j8IGpd304q4FYgJfyu__5Loxkfthd4cWoiyLfpCXtdXZnX0jXELd0vO64HQ7yiVwUtx437Yk~&sessionId=
30,https://www.zhipin.com/job_detail/df400a019b30b1ce1HZ_0tm0FVBT.html?lid=6HzwVKmBIf6.search.2&securityId=6YnerBUobpWMA-D1w9tKXX4yAP6gqZflbRrCyvKGyRy7KHNkRj_YZbC3hM50AaZP7_ANYKXnGCWGgEpEtqMFeHGP_lna3DUAu22Hwvcqn4f-OXkZW2Rvi0G-_BGRI75HQmsgFPuoomFGVA~~&sessionId=
30,https://www.zhipin.com/job_detail/a17d92d6022917241H140ty8GFdR.html?lid=6HzwVKmBIf6.search.3&securityId=9plkp7_yNwOpq-t14qUpR2wjM8_NFSVUY2sa9KUgB2pI65TBXFnglTQ22CV45dPWQbSDhTo-pQ97uyT60ke2NwdnbE6XmS1M70_l0jM5UFw-WDCEwoSbIgG2q5_FSlw0ZTgeH2vLz85ZtPM~&sessionId=
30,https://www.zhipin.com/job_detail/5e2c6e3bb0f6afe903Rz2Nu7FVJX.html?lid=6HzwVKmBIf6.search.4&securityId=QIAxIfBg7t4YI-X1P0SIkgrFFRoxSEPnTTARl-uvfd_CRAXfwtI23nEFH-xgFLfZd6J_Y3oOCkCx4cxl4QLpHJ3164apEwIeEzKEQJ59DyLwTjotFR6euJgKNhguY-uj_GxGbpHgzm_k&sessionId=
30,https://www.zhipin.com/job_detail/bc5a63f1ee2c9d1f1Hx73Nu_GFpZ.html?lid=6HzwVKmBIf6.search.5&securityId=C4pWA4CxS9wDi-616mKpigZxoE1vBQuWggn1slm5iG_Qfv1oBxn8_BHXWX8JadBUgAS-XdLkm0soeCxIeacTMKxQ0m5oOmYhViOWUVUaolBHpBuHJ7LKeDGjSeNzKrDSPgzt4FAVxTE~&sessionId=
30,https://www.zhipin.com/job_detail/f6ac10a3904ed89d1Hd63ty_EVRQ.html?lid=6HzwVKmBIf6.search.6&securityId=ar31x2dq917I2-w1B6H_l3pNYyqAjzN9D9JR64S_w2STsRYL-iWYyeE4X3fgZ8IQVIm5MC4kA-wAecCTHJGO8yNKRPeIoDenfBneo40D31Oj2blmfLWMpTeXpKHHDVBhwCXdlU_tZ5EfzQ~~&sessionId=
30,https://www.zhipin.com/job_detail/879c2bf696d269c41Xxy3d25EFJS.html?lid=6HzwVKmBIf6.search.7&securityId=2hZgNGSkcgdPS-o1tqAa2BzaMxR1kUG7ZnRUIys3d8vZP61t1BYlrEOO_ylxJScOKk43wDCrBHPbYyQurQJzgbdz9GtDr7L8oWY4vUydq9r_1GIdmTG7hINjOa4aW1Jp3qKGOrJhhqJPRA~~&sessionId=
30,https://www.zhipin.com/job_detail/6ab3b1495928851b1Hdz2t26EFpT.html?lid=6HzwVKmBIf6.search.8&securityId=hc9GFkbKWiFJV-w1syuH9HksQepyyU1uWR_ugizor9iADbnsCnkBLnjVjCbKgXDe7CVoHnccli8e3scGP9Xuus9k5yxt7_B1mTgEf3ryA-6bFYgofD4c5QnEuqjYRXm6qSWeEyfZUH4~&sessionId=
30,https://www.zhipin.com/job_detail/84e86270d179a0661XJ70926EVtW.html?lid=6HzwVKmBIf6.search.9&securityId=5gqR0c5Pgzl7b-31Tqd7fcHbrMLF3hlHs16vmYYiuJsDXZZCvZiNzCSdENacetibeIfqUh4acH09ZTZRSi9VRlFv6zhv3_WFSpLcBxn223bsMxluAUO5NWam5O6tCKLvIBHbYUvIZpXU&sessionId=
30,https://www.zhipin.com/job_detail/809ff93276d7b79e1XN62t-7EFNX.html?lid=6HzwVKmBIf6.search.10&securityId=an8srHcsepXAS-g1wx6mOk5lFZVYm6iV-Y_WXorrC8jxdWhswwm-UD-Hd8YAoApWUFXAhzO4IJM6DokpewKwe3gqglIaM6Qrop9UZM0DJEOC5FdhiUxGsX5SKlcomuOvJnlsMU0kjX_o56E~&sessionId=
30,https://www.zhipin.com/job_detail/55c302af4fc494161n1y3968GFNZ.html?lid=6HzwVKmBIf6.search.11&securityId=5gh9cNIzvC-aE-N1A8SUbQUR1_pHlcR-7SaK8mqyDsB_ri-65pZYwB3dvqYTyGIQ9H9y_0yamubTMrsBtXPyRcQtkwvAkVlF_P-S0NOHaTk2c86eNeOtqlpKL_G-YsvfVOM-vmbrvYM9&sessionId=
33,https://www.zhipin.com/job_detail/fef2579d75a58a0d1H152Nq5ElNR.html?lid=6Hz3nv984E0.search.1&securityId=wv5lYid4Ss6UQ-V1ANzi8ZX9XOofnl2zcG2gID3qzDJmKyItYAjaLSjU-Y0WeWE--BAX50TeWn0F9kBRBSlzPs2Rk4eXdzpX5LJnqJ56luW89QttioUs6J_C6GNGMu2AyI8dYXBoj4EwBw~~&sessionId=
33,https://www.zhipin.com/job_detail/8d07f0241b5a9bfd1H182N-_FFNY.html?lid=6Hz3nv984E0.search.2&securityId=1fQKwTRF-spD9-a1jxsBaXewzylG3knA6QVzGFRPrzz9P8HYCf1LeYleXrjenjoE0rg4pxZEdcMZgDY75Z2uuZFw2xg4tqZ72ssrivXnRTJTFDd3EIew0wYnDjkhgQtczOouyl4_S88UsMQcWrrzuPWgB_K5SMY5vw0YGULxDBdR-XQGlR8~&sessionId=
33,https://www.zhipin.com/job_detail/7f69fbccbe2d50f21HN73NW1E1JT.html?lid=6Hz3nv984E0.search.3&securityId=6UASqdPnEZMkg--1ExHN9Xw5hMqXXZgqxjwuNOGHaaZ2rM2GKhXy8WTaYvFCiw-An0mGKDjyVWCSx7SKMH5ci9DTJ8Us-F0l3uipzOMzs1dDhSJl2YYbSVlQNqccD12-wbRciCZ_ju_8&sessionId=
33,https://www.zhipin.com/job_detail/386650aa966d46af03R509y5EVNW.html?lid=6Hz3nv984E0.search.4&securityId=xtsAIea0cxeJJ-S1LAPVQWemWjXMNpJpc2o6C9wYczh869jWjc6Rrl34HES63YA1P0ZtYbD6Mvr0M03YxklJhg2twTM1ukaIqVEVPyNanUq9R1jowChDbpr2ZzoThVoR84gtrlomyVzOug~~&sessionId=
33,https://www.zhipin.com/job_detail/2b16ac56204c108b1XN70tW0EFRW.html?lid=6Hz3nv984E0.search.5&securityId=Txn4dR2SVjtht-f1wClyMW4RbZPdSTRRmA0ciBuh8l7S2t-obTY3QMKmSWfTwpRg5pigExn6PLX3n3a4XuUDsw16G-bjJnZ0XN42iHoL22TQO9D4fmG_nM5UEOeg9CJ4ikxX3Sr6g0TN&sessionId=
33,https://www.zhipin.com/job_detail/29219c92d7bc0da11H1_2Nm7GVpT.html?lid=6Hz3nv984E0.search.6&securityId=ZYlcsRuh6twXt-g1viTheNjDqPHoXpZFOYxwibV0rcUm4Q_1osrA7pTzEV_GtRtC7RjTqQP5_nVRC3vF9yV--q_J1ZiQ4beO-GolKsPGRsAu_6Y7xoM8GnGsfio6h3zQTD3akwAwO0A~&sessionId=
33,https://www.zhipin.com/job_detail/19134a3cb93f41d61HN-2dS1F1RR.html?lid=6Hz3nv984E0.search.7&securityId=T6KaIgME5FK9K-K1zjsAz2TfwFBFqc91UXOHGsITYytEg1d87dRyXC8H2hIxWMO20ZHsHTFDFK-l-RzJIR74CUJxB32DSOBPijm4W9MMdknryLJO8AXmtSweFs3MaNpOlZbR90_6SLn_&sessionId=
33,https://www.zhipin.com/job_detail/0e2c8e291ff3c89b1Hxy3d-7GVZR.html?lid=6Hz3nv984E0.search.8&securityId=iunfO8RKQxAbE-21RSSjPeP78pm0Woeby9unEKwqA9fg0WVXXJok1HPbIHmdbl4-7jbkopiQiISV29cjlIErxoc5fu86zIyuKasAsYlJ-Anakp2eDUfH8clCq_97AWhvU9izxPg-nntq&sessionId=
33,https://www.zhipin.com/job_detail/fbe01c0efd7175a91H1-2N25FlRZ.html?lid=6Hz3nv984E0.search.9&securityId=Ks1vDZF6bQ1mm-z1a2lYuVMBi-I8y01atXgYqO_fQAIVaMb4tbMR2ktnBswShsdJ2yb8GvR86E9fVLNixpIZ9-DBG1gwGHR_2A8Iqdq8GoBPCnlXiO3CGXPB5iaCmgkGtiMfvMmftwgw&sessionId=
33,https://www.zhipin.com/job_detail/ecc99cf7cfaaabfc1XF739q9E1dT.html?lid=6Hz3nv984E0.search.10&securityId=Z1tYBo3biJq8--G1V_tX1n3U_TRMlrMjX34c5Cz50H2xs96y5U3gjlLmWudhTFBZxzRI0xBYdaAizsOZv772QhKrHun5ZK5kkcxYvU9FTnuiu8W-0TjzdLR_SkVomI3uXz1cD3YBfqLt&sessionId=
33,https://www.zhipin.com/job_detail/9a43db710b9905691HJ42921GVdW.html?lid=6Hz3nv984E0.search.11&securityId=DmCqVE5FN0HEO-I101VREKsxGjTrENN2_7mqIQ4dQblImofOLPlLUJne3Ym4FA1xlKXgxjQbIDpSaZ0iQYbsN7JXy409BgGxGA3OpWZIiyeXshMyhkiINBSu9FZo-mp967mUd5zZDJAyU-o~&sessionId=
33,https://www.zhipin.com/job_detail/363356f1309da5541HF40tm6FlpS.html?lid=6Hz3nv984E0.search.12&securityId=UJpWT40PRqu13-N1OJs17P3PsTPllSatz6HJ6_IcBUe1Ka5I2-7CRDuNPJkQc575ou9gzHTHjAa4ZoPD5RkFfrgXSqFXeNPYbUCkyInoga_mDlZCZUYiVja8o04hd2O7nE3NdAl5h7Rw&sessionId=
33,https://www.zhipin.com/job_detail/efad4d9283e53de01H152Nq_FVNU.html?lid=6Hz3nv984E0.search.13&securityId=401QHcQJ_MAIh-41jiZy9StxyjrqxWLiQDp14TZM27lTBCNqNY6JgF8cGqD3HA_1clrr_KY4w50slqaYIZ80ExEOgVPxCS79S1oa3qq2Xq_Wyg8UePJIYEuQiEw4KBf68SmfC3QAgx-1Ig~~&sessionId=
33,https://www.zhipin.com/job_detail/15a7226098792bf11Hx_3Ny9F1ZW.html?lid=6Hz3nv984E0.search.14&securityId=Praszvwlk4eU--R1q7ujMA98FwhT4O0DIkkXeJdO1_S0wsrgb_cebBLpdkoJGF1UFab_bEYbKk-sxEAMOF-Ns7LC9fTW6-4UqBkVIC_ZH75BFlfI0Y8RfiXhH7EqAjvEwtUPilv8cSQTKkM~&sessionId=
33,https://www.zhipin.com/job_detail/5984905f991ee71c1H140926E1NZ.html?lid=6Hz3nv984E0.search.15&securityId=3yjq-drfwmMTF-Z1Swqu4cZ06u1mmDQM27Q4gMyY2QiOcPYjVflvVp_-OvH4aV3RHF_H2DZx7u7Rm3e7c3krr6H7nz3FYE-7zNXPK8pZyqVWR4jBwliwf6lMbBx1krTdXgAEZAYgAlmz3Q~~&sessionId=
33,https://www.zhipin.com/job_detail/ac5dd780040f58991HJ63d61EVNU.html?lid=6Hz3nv984E0.search.16&securityId=Ez2oDg9QcRnFc-91V8WYO05AX0OE23BsQqxjtLVpWL57KTW11Ufe0kn2v1YZdOJAtDbckFHfzgdOHQQsT5-T3mDwoZdDYhTNRqiUusb_VBYO14yM4pCwcmzHMasWadjRXVvt3u-PDVmWo70~&sessionId=
33,https://www.zhipin.com/job_detail/81b7f1eca21c08c303Ry3N66EFRS.html?lid=6Hz3nv984E0.search.17&securityId=NOU8gJMvAOHIp-H1nqNHOw6bzo0hJ1AE6HaIzHaJQgWH0GJnMUv6EbrkcFjCCSwVAt8_vumeuyS05PvupBiHC-UJCXeZEcG9zne73kDfwUpfV0UNgCU1lMP1MhNLbSn9sGddAtKFHaHC31I~&sessionId=
33,https://www.zhipin.com/job_detail/abfb2362a0fb8e5803R-2du4EFdQ.html?lid=6Hz3nv984E0.search.18&securityId=PLI2thksxvI3--N1-qUwSIO4d81_q_O5x9B3Nw5xJWDP2uMstf3lKECkfMSWw2f3oDmrowRh1Pn9rJBWah5jH2YDjYcToJFr3erUgW8Z5m4Fbg76FXjkiZmH_BGfkLaEmjisfS9g7DHGHQ~~&sessionId=
33,https://www.zhipin.com/job_detail/9e3250299e1eb5f01Hx629m-FVdS.html?lid=6Hz3nv984E0.search.19&securityId=c8enU0gtBJZUP-H1CcmDkyCrtE5mKBTCTRY23u3Vm4TwK2qs5URA7-jmMHCHzJrI_e6Yfvq0f5qMj7dEzTqo-1668hSSdkNAURJqRTIEXg3nk6no9BfAGHqVDJSXAZVXSbXeppCjPiS8&sessionId=
33,https://www.zhipin.com/job_detail/d907bfb8c0c25e381HB63Nq6F1FV.html?lid=6Hz3nv984E0.search.20&securityId=QUiMO1ndpiomW-u13kA6ZEHoqqa2sVfal9DpItGKoNldESP_eGivlbVYVLgo5VE7ObXYWMl-czKctXJFsds2X0Os5D5mfuy0pDMsN_sDCSMSmGhf-N2STFoR_MoyRq4TtzVLDVGRniVh&sessionId=
33,https://www.zhipin.com/job_detail/bbd17fe1aea790f11HN829u6FlRS.html?lid=6Hz3nv984E0.search.21&securityId=mQClFtxmmEwJH-21STFEfNHpQUxCxLe1qrVwC3Y7y6l83X8nsLUIANqyjAKVyy5RUvTGGTuIpYhmPaa0ZRjPStQwXubgdva-e_qShTaVr9EQOiDHJZejSY7qsGQK5hO2-Q79GBQLDSscFL0~&sessionId=
33,https://www.zhipin.com/job_detail/1bd53102c1b8478f1HF709S5GFNX.html?lid=6Hz3nv984E0.search.22&securityId=9GQmcE_irr7Dr-j1DvBuJOTxT7q_6rpvRat5_qE_ObIQHnPH_nPkVHtu28VJ7X-vKifp5cKYYHGtTSY5x1FVJzOokQtH92NrzbNnvqTiCOtue7-kq4_aDZv3Y2HqViuXQE83MryuX8Ew&sessionId=
33,https://www.zhipin.com/job_detail/eb34ebe0a986a4b11HJ-2t-_FlJX.html?lid=6Hz3nv984E0.search.23&securityId=lnwIwC_2TyxeR-N18G_ZsOcUW5JJqJfCDo2k2z03Q8HqwYx3MkM_2xTlDYIhebXR8DSFsZkM96DEzD6uIrE1Ki5bbn_XwwwZXAUxOn7_0ZxKJThqCI89fItFifj-5e5bCIOGLfPNTwzN&sessionId=
33,https://www.zhipin.com/job_detail/f8c4b413148909f21H1_2ty5GFFY.html?lid=6Hz3nv984E0.search.24&securityId=fS2V4eF84F2Hc-T1VeZR7lpYQqC-eB0cV76rRomTYFrtCWv_QDBihkdv6GSr1MRm3i9IidmtYadqX__2eMlbCh-hol_RQnhnw9OBlN4yV6NTj-azvfI-ItIcQOO87P7pUrVVMLnzNSTPaC8~&sessionId=
33,https://www.zhipin.com/job_detail/b8b2a2ca54e248d81nN-2ty4F1JX.html?lid=6Hz3nv984E0.search.25&securityId=20PZWVmkUaJAv-y10pmX2QxA2hju3VBT2NG5Kw175ZgVTfg0X8UPhPrKKck1Uf-J3xtmnTjfuqwNZ8d3Av7uI-H8JuC6v8yAwZ19ZPsY9Rwxp5Klhs_EbNPgScPtm6REjlSZgx3-S0Mi&sessionId=
33,https://www.zhipin.com/job_detail/91a53e0dc45643c41HJy3Ni9FlZS.html?lid=6Hz3nv984E0.search.26&securityId=M7SAlto2BfNEw-x18zZUKYjMv-rSjK5rxWHG2ETyCX87gWz_xPHPrZl6NQTsV7tGxvqkrDEBjtKMPJW7z_FMoAaZcrTPQVqsFoILLkw6zUN25mBVv2qdps2MBzwfIVf7rMFO1aaiHOIBIw~~&sessionId=
33,https://www.zhipin.com/job_detail/1ce77bf0e7266a941Hd439S0F1JY.html?lid=6Hz3nv984E0.search.27&securityId=bITC2GSxpl-3L-v1nQUx3e2ziBl3c4wcepopVBPU8Sk275nMoB5-6gGTP7QTMumkW5eguitQJzKhdbhUbCkbB0Ofq8niF9cbM5QulNfUfMxm-NTJo8e6Sh-rfhBHbQvMbG55rANcVZPq&sessionId=
33,https://www.zhipin.com/job_detail/a1b8f1bb7c5fd8171HR42Ni8GFtR.html?lid=6Hz3nv984E0.search.28&securityId=ZqXpqqe0287kc-v1QRk3VBYZHomvdSbrWpbeJMqoSpvZlK94pWX6t3pcc3ypu_HWkopgHYPtidLd7Lz2Fo_qm1aXSd06-F82wMfRAsWFuPRWuVucFQ4aAYvGcWWEjoiEhPrG7B8uJeHooQ0~&sessionId=
33,https://www.zhipin.com/job_detail/e4290d3effe4b7cd3nN92ty8GVI~.html?lid=6Hz3nv984E0.search.29&securityId=y2AHC2OIYX37S-v1URAiMix7VLhOjMNA4ZiHHYdMHyWr4aNTH77Dxrjuc3gNHuP1_6stRs7yR_RSAZt31ASSDqO5QIova1-i_uuWHAq5hYYP-XEIODzUxIimnqHzrej6frPjV2dwmNE~&sessionId=
33,https://www.zhipin.com/job_detail/b676c61caa8882e01nR_2Nu6GVpT.html?lid=6Hz3nv984E0.search.30&securityId=NefOLPu5AJ0Uu-u1REd4E2mkW09nTgSCNlpslo9DeEWnnA-OwEqS128C0PCGJ7lTIDr6neLqyMPTuZWwn03pXYE_rIG0oVi0fcPrIsf12lJnlCvMkxy1cDV6Pt-cXwrdqwcsMucTDO5aWTw~&sessionId=
34,https://www.zhipin.com/job_detail/f962509be4005fdc1XF_3966GFVY.html?lid=6HyTEHkHndM.search.1&securityId=kYrapUlyVRDlt-L1YRtydP1bIDAu7bpTV3VQQFTHGY1LZToYtj3FJo712aKfBRGNA6PbIMF_qXYNujsWOylul8I-K7Xl-6LMuLYA7Yj9HdeQDwFSr-eRAEbu-j3STbACCg0ETnF99PSBrw~~&sessionId=
34,https://www.zhipin.com/job_detail/4dbd6f229593304a1Hx80t2-ElRU.html?lid=6HyTEHkHndM.search.2&securityId=ZlrkA4mQy10Kl-Q1aPOdMj63FxzEXFuf6lSSLikL05QWOLRbKG42nM_ttISSFg8soishFT1hXX3h4o2ZhxjCwEWsIAAuZyGt6mSR4PuCU0iYBHcEqqzWz8txUHt7C0nErkATXaqqqbdNxJM~&sessionId=
34,https://www.zhipin.com/job_detail/31f1ec1104e245e31XJ42tS5EFRS.html?lid=6HyTEHkHndM.search.3&securityId=w3zYlM8ZRVuCU-b1x5kc9cdrf7KhEVx05GXhXJj3K-Wq4tbiyn_hg4CymdPUU_B-_4eRaqgTZqk5RRUUE6lNkNwS0dxjeWIC-Lf-MdBT58KXTtsipByIYoFBB21ZGVKmpA-LGL2kz3_u&sessionId=
34,https://www.zhipin.com/job_detail/975c02a1d6e3719303R_3dm5EVJS.html?lid=6HyTEHkHndM.search.4&securityId=riMRwM2V7Sxtl-z14m9r0Eig_DeGya7JwjugjdkfPcVRbdYPXZklDUG8nZ8m6TdFda8OQyHXid24yIn2VWWUMKsKSKeGIr9DbCn-AUyN6rJ6yQCng91HiMxwh5xGLxvZsuSb_jEz361U&sessionId=
34,https://www.zhipin.com/job_detail/2dc204ec9ce6c3a61H182dy1FltS.html?lid=6HyTEHkHndM.search.5&securityId=QNuV57oz4oIEJ-W1zoHO65ic06GWlq4xSC9tblcRvdWWr4gBmcBEfLdK3PbBwQmUVOX-4euh1lISnrthL1iuO-czu6Ye9SI_QJ1eG6jOcQm_oYXmXqkTbIV7nEeI8tLIBayvM4M30A96&sessionId=
34,https://www.zhipin.com/job_detail/41f941af865ec0f31Hdy3Ny0E1tQ.html?lid=6HyTEHkHndM.search.6&securityId=2rttipdmEicfK-_1-OZa42iiPn7J2XJt6Aerg-f2mK6VwRuOCjAa7oNU806ke7zxCyZZVe50vMw-BDV84QY1YnSSPqUxkTx26utKiQ7PJwZAi9spbwfwwptMt1yOrMbAkYh9xbufsPiDMA~~&sessionId=
34,https://www.zhipin.com/job_detail/b47275084926aae41nN_0ty8FFBZ.html?lid=6HyTEHkHndM.search.7&securityId=xMydohiJPntE5-V1cXOTr11-8fdCYMiaeyHPpccJPBMXnZ_WhP8r-eSCMTuan-1nzUIhQCp6T8In4MIDVgAsV_ZMk4td9a1r8X8bdDxvBJ80EqmeeHK_SZgNls98scOcLTxhdK3hx9kp&sessionId=
34,https://www.zhipin.com/job_detail/3bd9ae9edc4865221H1_2t28EFFY.html?lid=6HyTEHkHndM.search.8&securityId=zWizQI-SAIpGt-j1S5PkEhHNR7PWZaGK47xqqPRmCYbZxWpSQnHNypZ-onvlryszmMJzcJ2of4Ooz7gkqG5d1DIpUXv1apGMZwlkUIaxeeny5K96fCSgW9farKhLz8QAk7w8fAHTvpT56fM~&sessionId=
34,https://www.zhipin.com/job_detail/590694baac3518371HJ-3dW8F1ZQ.html?lid=6HyTEHkHndM.search.9&securityId=XnbPiAAHrpFwd-J1wIHL69My8PtTCXkNGJaF0TZHH1RA7-hcUXFvEkQMXYujzZ71IrtXJKfdU9WqOyUQONXdUCqSh6hkFSKFrBgCRwcuGyM8GcxDmL4Sm6Om0KX9NBr0J0FnjoC1kBRC&sessionId=
34,https://www.zhipin.com/job_detail/2e5e6e0dc63bf2a11H192t27GVJZ.html?lid=6HyTEHkHndM.search.10&securityId=I7n4ybkhcxEWu-d1l5tMpQUb3mUdCF6EMFOg-BjR5lhmqrJ4bSuICzBz3b9Ayx0hG3XPDPYkxtabIOAO3nrtDgo1sFO1y1-C9C5slBxbxYLkzI7qL8q8hkDCZabzhVWRxZHYGMqOKPho6vc~&sessionId=
34,https://www.zhipin.com/job_detail/537e53445a8941ab0HV90t69E1c~.html?lid=6HyTEHkHndM.search.11&securityId=VNUcEZ9ZghCLT-81EpXIaC0nODMtm_e-E4yBRZ18FGw0dYJKz4RoG1L9AmySfX7wVuV8i_TKaRwVDxIiW8HrLr4zqzBjBk42S3mUaahXzbr2vboaLnp9oSLiB2op4hmxqHOjypBXEAOe&sessionId=
34,https://www.zhipin.com/job_detail/59916d4a03429f511nJy29y1EFdZ.html?lid=6HyTEHkHndM.search.12&securityId=Kd6UN0yhxlEfz-81Arute10vTvLfaEYvtCrm57f9ybG5TkgsBSVoyslKkXsep1r6OGptqvsYer_yfg-Kl2RzNEdKKjvlNM_-i7TeiN1n9Kk6eB8j4XmJ2OSMKSrL9pUyFOKgduZWebRvQFU~&sessionId=
34,https://www.zhipin.com/job_detail/781e7e5f3fbbe0331nF43N-8EVtQ.html?lid=6HyTEHkHndM.search.13&securityId=1uaN2A-v4rNTp-w19EihymqYytdCiQa67AF6hh_psO03b4t3uCvsHH1HZx48hyZzpTFCLTCVAlVQFeYaMoLO7_s5tiJnQe2IcFJyHnWB88_SgTJgj69EE8wbO9XZQknAK23ZW8qAd-VI&sessionId=
34,https://www.zhipin.com/job_detail/80ac0386b972fb8e1n1-3t2_GVJR.html?lid=6HyTEHkHndM.search.14&securityId=558B9lttTGvF4-A14rQqvJUbRGWE-uJfx7fd59ijORxdmQW1SFdsBhspn1jf-nLPN-cIp2QrEI9e6nhOkeMXDxoTnRwpGA9T56WuAz6qW2-Q03fbg77h0SFPTLATzHaRrkzZNoJdbk5j&sessionId=
34,https://www.zhipin.com/job_detail/51d12f006392fbf33nNz2Ni0EFs~.html?lid=6HyTEHkHndM.search.15&securityId=sZx1UgqkESGZ5-G1dmkRd7ybVenaMrmJYBiUvyEQoD9gvt_LcbhYcBvJ6zkSotfQHs-uzGbIEiyGnQ94gvrpLWWvhQYFm-2W2qOrXoMJ3psxyJcb4-OPm8TM299vzlGiejHPKgt9&sessionId=
34,https://www.zhipin.com/job_detail/f167254627cfea730nJ_09u1FFI~.html?lid=6HyTEHkHndM.search.16&securityId=JVWMjg6xYRvKe-11oDyiCLV2K3P5P89BSZ_UQzqYkmEpCQpR4khNhg6_x97_MSJTatJFpSjzqjRdBEdW67i-hal1pT9NePCxgXOmWKgIVqorcP3EvMRPqSR5CkcF4YBomZ03pOp-U28~&sessionId=
34,https://www.zhipin.com/job_detail/32ed6d6bb47235a91X162ti1F1ZX.html?lid=6HyTEHkHndM.search.17&securityId=CybQNtZ5vZlOY-a1eZ6025k7nhfNsZj10eQsj-nFSDYMDj1-x8tI1Rl0yNVIbY9X--lMSswPHTbKETWJIwDj_IwufIDTzZ6HrpoaLFmkENnNRGR1WDSjtQbeAQ4bUae1EGl95DZGqh_7&sessionId=
34,https://www.zhipin.com/job_detail/85a86ac765ff1ed01Hd439m1ElZT.html?lid=6HyTEHkHndM.search.18&securityId=G5LmoWYn9jyEq-L1PATJHdWmUAnOYCin42okn7SWSNdrtnVCBlHnVEIUhIcEgUD9KD9QuvenIbEGufm6NbBCE3izSRny1h38VqgdprvW6d1bf5wGDS0C_cKkTwQnLtDrqFHS85GDoL33Ae8~&sessionId=
34,https://www.zhipin.com/job_detail/b10e8720c78766bd0Hx_3tm_EVY~.html?lid=6HyTEHkHndM.search.19&securityId=nPeh9sRact9Vq-D12DfPUXInNV_2UJK2OHuhEYUdQNGY1EpPo6_0JjDV5arYTbtppiDsQHYfzeKpXg8Id5DgOH7Rb0XQwSPEDabm8Nz0I9w_BT9iJRGz3eHCvSnzk-LHbPobTjAtlPE~&sessionId=
34,https://www.zhipin.com/job_detail/bb7fb688cea216001nZ82tW4GVdY.html?lid=6HyTEHkHndM.search.20&securityId=B8AF5JetEo1WL-41HqTUf1JKbkPDWkr8gHmadUZEfjOj-oyBjwcOSAykX2NM8uroQVBFnCXkvUiaopovHqjzxip7Vbo4rkQgz_Cw_DcaIS1lO-WqK1iVfAiQWGqJg4nQQd0cJ-sgp8fq&sessionId=
34,https://www.zhipin.com/job_detail/443271d88c2f4f1c1nZ42d-9F1dW.html?lid=6HyTEHkHndM.search.21&securityId=Hz3x6KfdMNS5V-e11jXdqTep6WBDhlyU8bOUCmSguHADmaTuZ-WyDTaxNul6HxwJco1yBUPiPnVY3FOHleY31JKrFmv9NN0gar5j-WLqAjbKX4qrH4_ILRhm0TSmU8n0fXYP99DUoHq6Rkg~&sessionId=
34,https://www.zhipin.com/job_detail/c18dcd275b8f87c41HB809i4EltS.html?lid=6HyTEHkHndM.search.22&securityId=QIQXNyuIb7sfC-T1OE-WqxogTwxKZt5zLQ4HcrzwHlSBifG0ujGuyxYh-koDuriLW_jOoMKrB3a9WT0VXszEa8YBJsLjO8PL9OJJnWt0MCvYWQWoWOHpWvbMnh3VXmZSJz5-TZt9vmI~&sessionId=
34,https://www.zhipin.com/job_detail/d8a14a0d8293c03d1nxy2tm-FlJV.html?lid=6HyTEHkHndM.search.23&securityId=SQ2Ux8Vro4D6m-81yCMHyCiCbrnUqJNiTxLb5gCHiBcdO4CLNMCOO0Ad3cr9i_3intZKk8qknSFpMGejtD0r7fHmzHBXYNY0l4QCGXNDk3FfSFnOjMJ5APzQy7AGsBKv53F6PAK6M88h&sessionId=
34,https://www.zhipin.com/job_detail/4df9d06049abdbcd1XB62N65GVZS.html?lid=6HyTEHkHndM.search.24&securityId=ukCA8hAfwuPJ2-v1UGd5nS7ewwX-6hvz5L1n-_iHkurzXrM50mTVQNUXOXaYKNeBs_0bdM9voZUNrFdKzTm5YN1RQ2tgfJMRoT8w-71CgSBuTKe4j_pXRNQ-NMCZ2jAXuVZHn4o1Mi7Z5_M~&sessionId=
35,https://www.zhipin.com/job_detail/b9f3af23bf129bd103R92tW-GFVX.html?lid=6HyGHYvySgz.search.1&securityId=LbEW4ewr6lsBN-l1pOvCWDz4xd2-Podh-YANnfKwJc8RFvZWFAZgPoWZgD4f464mB9SB0ZgUCTcVqHsWNfQbb7v5HW7g1HqJgJnCods4Xnkp9bi3aNsMRTJn1bkbJLPSJUThPBVEFI0~&sessionId=
35,https://www.zhipin.com/job_detail/0decc3ff6c12cf4303R53tW8E1tV.html?lid=6HyGHYvySgz.search.2&securityId=OtVkdTqx1H1bW-P1lmi-2wFddxNbzpTjMktpv7vwnuxWVIZuIJKArqx30PIJ9Au944B7lgmO-nBhbfO7XcE2kbkdL2cppKKHWTo78z1sTleBKVnTwyvpLjMWXOM-Hdf_x-Z5Xk6tQNjd2Q~~&sessionId=
35,https://www.zhipin.com/job_detail/65477926463aad861HJ-3tq9E1NZ.html?lid=6HyGHYvySgz.search.3&securityId=io7ieIUsV4hr7-V17enEP4SnreIsBavSZybhXYKKo5EoU8DULLFsiFn3wZuQNd0mHVjXHsWw8K9fBuiRniBaOYOpNePQINOgdqP_iZO6FsfA96sHC9FIikydXWMN4jXyIxgBXBol3S-b0w~~&sessionId=
35,https://www.zhipin.com/job_detail/880bcb30d9dc25cc03R52ty1E1RQ.html?lid=6HyGHYvySgz.search.4&securityId=2d9gf5_5ddhOj-l1QvBrIAOzJZypKQMGnqfHP7okURxfwgeuwX4jAdJzVnCPN5lj75_ZouyGwFNaKhEaX8oy-xsaGIxeV2efGYMmTtaqekenT7_WaLn1B3JCgicEhCBu8pkzUfj_Z6yOsg~~&sessionId=
35,https://www.zhipin.com/job_detail/8a213972d3dd84d21HJ-2tW4EVtT.html?lid=6HyGHYvySgz.search.5&securityId=PwjsbrvyI8ZK0-z189hSjzR4m1NIS4CVBQIyKj8KN-xu9kVUaOazeuFhMF50puS9psK6jYBcFKZ1AZkk5B92bzau3FxJete7UFN-PRWyzOQ0Q0wux55zgh1rO_TOmKKdXKoCGdUqINyE16E~&sessionId=
35,https://www.zhipin.com/job_detail/0be37cf868902f381Hx63t--FlVT.html?lid=6HyGHYvySgz.search.6&securityId=R0xb1UG2vxbhE-312aqciKbTiYR48a9o_fEDK5-12Khyq5kQNOjv95Ho_yeyu6kb1lEeS-jR2bliz-PdKRi0A36CQNEkcqCwQbe2pyGRgmBzDa-PF3-IgO4DeE3G38s5oqAvzAdF5A~~&sessionId=
35,https://www.zhipin.com/job_detail/f9a13593f85b40f11nF_3d66EVtT.html?lid=6HyGHYvySgz.search.7&securityId=Qr2S7Fp0zj3iC-G1nizisTFAeYEHhbucoJzgj1nPg_Z_gTlQUBWsUA0beL25UUNzK6OtMQjFfRGe-IaWfyw9BWxWGiyb8f7-yGzkQD8fu9q6xlgB0L99oDlEjDS8d4AROzQrZwhMRjFQ&sessionId=
35,https://www.zhipin.com/job_detail/b6914156ab669f4c1HJy3tq1GFRS.html?lid=6HyGHYvySgz.search.8&securityId=yJncQcStrRiZS-k1b7bYlc04IMy-iG8yLWZj3inx__Btg2Ab_UjjvhBHw5SwEdQ-DfnS8qu9jJ7wy1wgmLJal5yykC1aiiJSntWA6sZ2XolQmgCH0rI-V87wJpSXvmWcmj6j5isFgV5tifY~&sessionId=
35,https://www.zhipin.com/job_detail/39a6e09f8f50b36803R_3dy4EFJR.html?lid=6HyGHYvySgz.search.9&securityId=tdGzbejX6MZZU-w1K-6nKtxMkJaRC92XB7_c0q9wiyb-gyR5eBq_6fYfLPl589LqKEdg5KChNbokFKBIlXds414_zngTCCviQyhCECZ2XeQYTy4Yxi2PfRCqYZ7St1on4Kyt6fCWHoAZXg~~&sessionId=
35,https://www.zhipin.com/job_detail/9cb08c3b915cb3151Hx73tm7FFpS.html?lid=6HyGHYvySgz.search.10&securityId=nPk5vBrvl9FXt-t1cEd08vV6zqju9w9v0VkMR8HFMOk_-aCcTJGWMwALx938qFHUEM-6OaDTFgUUqJTWuKTNwiR_Y1EjOa1ihbeItVi0bi7X8yxPjUrHVzupmV9fT7Sl3UUEWXNJa7MJoA~~&sessionId=
35,https://www.zhipin.com/job_detail/25ed6a031ff628491HN-09i8GFdU.html?lid=6HyGHYvySgz.search.11&securityId=6o47bwZur6eAM-M1RRZY6OMuU5LqgDzmIGkPOM_mF0CeE4WYSFXa6ARmkxTb5C1m10WZjDV5KsVMK015g__E9eRky3KgpZA6EgzOO75oP6mROsae6tWgShQW-7HBAKdonnEArM9lSSxkKA~~&sessionId=
35,https://www.zhipin.com/job_detail/6194e6eb81ff965d1HJ829S8GFFZ.html?lid=6HyGHYvySgz.search.12&securityId=ikEhDftj-Lo1J-01GecN-7Gl-y5gs1guCesKDom4XTCO15mBJcHBYYzjxuJR3t6np-KQSUUk4RM5BwcgYDdJBNpuD3cYPc3MF6Vy3Fx5Mq3Tz15kTQSB4SGS3nTJsb6rf7m6FD0AyOBRL0k~&sessionId=
35,https://www.zhipin.com/job_detail/42f18198a620d2811XFz2dy7GFJS.html?lid=6HyGHYvySgz.search.13&securityId=R1JtJZ_R03QJW-x1nbA2ZeZ_k0dfdxBsU0uLC2Jkg3mtLNR38V0nnBcJF6cAxEO_mDg1uiv40w89p4wPPm7CeA9h5HECBeBiW-i_6lrdmNt6mSFAq9cWX9Bmi57SLZfY29BeoAYOeX1K&sessionId=
35,https://www.zhipin.com/job_detail/6d5cbfaacfed10b41H1z39m9FVZQ.html?lid=6HyGHYvySgz.search.14&securityId=05lILKzoWUHT7-x1ENztBcW41fotVPwzuhdc9Dw9I17tq2c_FrZrrd3lRyX207KIdj4eIXGLUxPc_q2liuDaweFWZG5owNw1-2vDXooZ1CdH8UugOClOBeVligvQOU3ITzD59JIAgaXU&sessionId=
35,https://www.zhipin.com/job_detail/f70f40baca0d39411H182ti6GFVQ.html?lid=6HyGHYvySgz.search.15&securityId=1DymtjU8NNZYK-M1fzGY2EpeIATorEqzi7MaT4lwjxNlO2sJRsjllUd0IZDR6YH7wGuge9Tqbgxrb3roLIogOfM0YE5wSGMK1Zrb-2AiQ-ID5Qj0plc9s76NjAtOa3FuVc2Q3XfTYNC_cg~~&sessionId=
35,https://www.zhipin.com/job_detail/3344e2d669f124d803R_29S6EVFQ.html?lid=6HyGHYvySgz.search.16&securityId=bDjTCg4M6iB9I-n1ZihunnEoKY9lwVNawHhKmd-EgEnAdv807UREYzwMB_7FO-MDZphVSM_JzTEn2DDgClegG9POOMvr7DIQCBIPdtdeFQBbltdXSDQPUCm9pvr54F6dgzbsguVIJw~~&sessionId=
35,https://www.zhipin.com/job_detail/6b3ff1ff0deb7afd1HNy09y-GFRQ.html?lid=6HyGHYvySgz.search.17&securityId=YGe5ksFxk7pxA-T1Zyw8x7atkEGs3OyKBkk5vQrZjc9U7J8phTQHBSAysNFysWuz04bBM_Gx5Wb-RrmqviF2WF5FtIr1EXHpUntVWTDWWeg4jNHjZpyaBMuHmgnxrdBKhUC-kqPCc0Y~&sessionId=
35,https://www.zhipin.com/job_detail/14d11c616f44b15b1HN50tu8EFdV.html?lid=6HyGHYvySgz.search.18&securityId=yGDtOONgHgtOY-E12ljQ5CgnRJDvwUInpJREsP-o55VEfOFEg6hrG_3OJTUq8dPc2Ory1tjn719FAzTZM5KMvO5UoYcGkNheWPwP3mAFqulppVC-6Da_cjjDDMJm6WzLAeFKhUvTDujdJis~&sessionId=
35,https://www.zhipin.com/job_detail/982fa400d164a9a31HB-3du1F1FS.html?lid=6HyGHYvySgz.search.19&securityId=DIyE8O_diesXF-n1IzYrLzEcCNCWhQBGlee6_TbEJI28pQ7ATmaNyUOdkCXtwUUTZzLQvvkyZL6Uxdg2HZWx3LfqaxE8Kgu9z2cr0Ro2hXiMSSN4Bwvn-mhEf1tDIAQXuAV3ihneYW4~&sessionId=
35,https://www.zhipin.com/job_detail/bc230d0dfe6a4c0e1Xx-2Ni0GFtY.html?lid=6HyGHYvySgz.search.20&securityId=wJrcGoY8o0soK-n1KH7xxJI_DqauxmoqRL_5M6KGHwOlHgGnDnLNBY28TP0jU8D9EL-2yONpqqOLUSi527IlmMmsQbAIkX56rJxPMKNjQsdejf5BWkVSBjTRNiEnmUaZjjGs8ECD-xMg0P4~&sessionId=
35,https://www.zhipin.com/job_detail/dcae5a356695641903Ry0t29GVFV.html?lid=6HyGHYvySgz.search.21&securityId=UzoDtTs5qjw7A-j1P7u7jbpHgR1FVEqZZuXGrrnfxO0PTh2akxwDyDnxUJwLR9qFdI3J94AsGQcY3ozl80PPnuLzrZMnpVaE8HUAsCXjpZgytrprYrsw9YqbTOXLYFbmz7XeRQF0D15e&sessionId=
35,https://www.zhipin.com/job_detail/385794631fa1c70a1Hx92Ny_EFBT.html?lid=6HyGHYvySgz.search.22&securityId=-d6sF678SrFUY-f1O7fTLFAaIZe0f5yKuJbFeGXg11WbHAJACt2gcufrDL3EyRbW40tQpamFGbaZ23fFQrovqRCmL5HQpgb5DkQmmWdg6V1oElPghZebY5EHm2ynzI8v12Izftq0T-83&sessionId=
35,https://www.zhipin.com/job_detail/7c1023621af7ceff1H140tu7F1dS.html?lid=6HyGHYvySgz.search.23&securityId=Kv0J6koNOoF5k-F1CAFrLUGQe3q2vElNcBm1cC5P19kIL6BGTCQ6pgwfv7v9nK-LXcQFCI9ogr1FsFOnDEEWLYkiJjcWuqTY1O6N9p0glkBMhpgYphPhfW5OInK7MTLJsW1yxBb16e2GN8w~&sessionId=
35,https://www.zhipin.com/job_detail/a51cae15709f46121HF63t2-GFpU.html?lid=6HyGHYvySgz.search.24&securityId=EurTTR44zcB8O-x1hRQXD8-JBjEWIBgcLeXr-r8A3TLqsyiHCBjBxQhtAEwmI6ApSNiosVWOL9fI3xCdANkfQlFTd8toEdL7ip-wmvP8yVyL9KhWnAPk_Yb-KdZMBkg3L0k-A-_ouH3Y&sessionId=
35,https://www.zhipin.com/job_detail/42d69a006898073e1XB809m7F1dX.html?lid=6HyGHYvySgz.search.25&securityId=sfHHMNaRtudHF-p1XTtrGqSVOJ9OrnvkOo6q_ERMM9SVVfhOG4Iu2FSxTZhaUiOPcSQZFa3vRIFnLxP7MzPuKFSeQGdCvc_LxMiZWVlJgMzmgjMO-f_v7oLBukWZcZN06NrQgi0DGg7cuw~~&sessionId=
35,https://www.zhipin.com/job_detail/05aae3276b0f264b1Xx82dS6GFZS.html?lid=6HyGHYvySgz.search.26&securityId=9Fdq5I5vpOcK0-J1WSZw_iSWg_mx6K3l2HHFr2KZJ2Ue92FcAXu74GF_fQ6Zy_ootq6ZneV62ui_iD6cIV_gxLKS0uTgNMWj9ziZbddtecq2TFFTX1V-Smo2wTiBVN379N7bzeQAdKE~&sessionId=
35,https://www.zhipin.com/job_detail/efc14404117909511HB-292_GFNR.html?lid=6HyGHYvySgz.search.27&securityId=-xWCwmvzOC3op-S1EOT9jURwMrEAOPf2uKY3SAYZfA5gfpz8fjM5TzlZtdPDxnfs6z2-euXnvCF0FtpSURPuo0rK0mIJQ-kL0iVs8bzMxAJkJHrNNzAtHjKJZzIMUc54A85V48i7tD4y&sessionId=
35,https://www.zhipin.com/job_detail/762b64154d15178203R93d-1FlZY.html?lid=6HyGHYvySgz.search.28&securityId=j8oaAVcA4t2Cu-s1NyrsbjBh6ai46GUd0NenpAat-5JZDJa_QouoIIgX1j9lBHeGZzEpfkdEteFxeeGUXV2aIe_MXvuEyNMP_HetZvRu4rgf8Hx-aK6_qsU-gQu1ldyRXWwvR-A69kKS1g~~&sessionId=
35,https://www.zhipin.com/job_detail/c546edbd737e401b03Ry3N-0GFdR.html?lid=6HyGHYvySgz.search.29&securityId=vvgbnpY06xpVr-Y1pcLL9C8FgDAtjevFAyJiPSoFDSl0dF60uE9l0jFC1MhmnQ7Uvl4Sk1O_zM0Wqq6Y_OP1YEdyTr4tJukLOZxqHO2_MYw_lKvREZancqNW2OiKodrRAIDOtl1jAcAfY5s~&sessionId=
35,https://www.zhipin.com/job_detail/837787990410c2e31XB92Ni8EVZR.html?lid=6HyGHYvySgz.search.30&securityId=dcn41Xf1_Pnfa-V1zm4hlZurJXHFoXawS5jXAoP6rHz3yV8wmbHLMqrhhrU1u0XBmLjO2yybOUcWlvVNRv5b75PVOuxIBb8Y3eYU3rMZs4N3B-h4uLVjImW8PNMY04oEjZkBzFxKLTvS&sessionId=
36,https://www.zhipin.com/job_detail/76d6aff382b9cbce1Xd53tu8GVVR.html?lid=6Hyy3fJsffY.search.1&securityId=NclhXprpmefyf-e1sjrF1M3dAt2YPV01oyJ7l9yDeCMB5CTQXWYxQMTFQxZA8q5Oeb3iT-MaGTnDZWxDLXDRneOycVHDERPIvq_FASX_VM3JRLiszyXXLeT9QmVhUNMuai7GwbHg4NJiA9Q~&sessionId=
36,https://www.zhipin.com/job_detail/4254f55076aa74151HJ82tS4FlJU.html?lid=6Hyy3fJsffY.search.2&securityId=GDzjS0ZPPICpg-o1h5VtRcLPNsE56fKGjIOMc-Sj2EBrRdljdrajjQfflVovp2SbWPHv6VemoIEsiXXbMy7Ev3x2LY7ZpasB4SNasp8qSH3cUlgsD4owggGZ-BuKEElyHHxCDlbeI3BXmnt2regEh9WXcoVztsc41Hc3JLYsZLXJm-uU4Yc~&sessionId=
36,https://www.zhipin.com/job_detail/6c4df2aab4f0a09e1Xd82Ni9GFRY.html?lid=6Hyy3fJsffY.search.3&securityId=RYja3DMOIlfGh-o1hzTJyyEObdG45XA6LVdl7QEqnIkAobohh4Vfej2Gj8FrleTTWqkzS7iNzPAdyl1M5lrt-2KATHM5cN0GIb0sSlrWaDMDjre8zj6a-zZE_cFbvBzzaMYY6Rhi8MbCrEo~&sessionId=
36,https://www.zhipin.com/job_detail/a11a992d4fb0cba81HN72t65FFVQ.html?lid=6Hyy3fJsffY.search.4&securityId=forrmfIhCa4T8-Q1xarhYKKu-NqMT8i1UWl2YhgariqMxop5pZceFGUvGlRDWzcXVSNEYnGzGWzya8SSPaec_OlUUZ5Y1tzEUNmTYjKBxF2NxDy2LJ-f485gwrfCUt1omgJeZhBbAYZ04gw~&sessionId=
36,https://www.zhipin.com/job_detail/5021e7608861bd3d1Hd-3Nm9E1tZ.html?lid=6Hyy3fJsffY.search.5&securityId=BevJrYc41VgjS-c1Yw1nmlMj4WEBPiKUsgvX76vfXYM_--MFoOlYss1Gx7kOoufai50zf29c0Y6G0hc7DCUUAuZabSqUqmye82e-S8FO9nTNU_nllhNP7EBwEzmk2AMQSLmSMPcNVknO&sessionId=
36,https://www.zhipin.com/job_detail/0456d11c56cc829f1HJ_2d68FVNZ.html?lid=6Hyy3fJsffY.search.6&securityId=5uQgc7NMydcie-Z1e_TerdMlBqW12MWdHW_5FDI8n6AP8OGL6377gSDHmejrRdiEJVh8ZD7keQhZISVFG4WJ4oy68I3v_N1zQRSpQ8WzAFru3iSRt2EQYfwwH4LVH86YRXBqeIR18u2OoDI~&sessionId=
36,https://www.zhipin.com/job_detail/bd59905bb614568f1XJy2Nu0E1ZQ.html?lid=6Hyy3fJsffY.search.7&securityId=VnP6Fj01uiygS-B1tHJZtWwyUJb6DNb94s0ePmKOwxEcMAOxhmtFkSKSKLi6TS5gAtOImxf-Q4EM6afcXY9kC7TQ1C_m_msgea2dYZP3pcJ1GwPL9RLuzmtvjURcL1YW8TYGFmOSg-R6&sessionId=
36,https://www.zhipin.com/job_detail/1e9dba136ce0e3da1XVy2N27FVJX.html?lid=6Hyy3fJsffY.search.8&securityId=Qwc7IHFtmLpHl-L1c9i0Rv70RuFvweG4KRbrA0QYOj70JMFNKbkhL1DXrMf6xe3oaNDgGxJ-yzvBZ8FqHGzgB38jLz4UpxPnr_hnBcdx0CqWfAbuwUuF2iua5EeODz5oVS0Lu6zRPiPT6w~~&sessionId=
36,https://www.zhipin.com/job_detail/318a8dc65fb695901HB82di7FFBV.html?lid=6Hyy3fJsffY.search.9&securityId=ma4j_pA8kcLm0-j1EU5s3pcTdoizxn5LO46GN6eiEf25xRcdCGAJgjaXvY0PLQRaqLOF20b01d-k01KE6POSHLpmC1T77S5bOseppkYkreidxhsVHAxraAbqZvMASM8MQKpaP4gTM6lw&sessionId=
36,https://www.zhipin.com/job_detail/1b9a8146c93760921XV73tS-FlFU.html?lid=6Hyy3fJsffY.search.10&securityId=LqGq9vE8sfmRS-Y1SDjxtgYFV4B_PSFLaV3CsLHunA3oViuuMDD7n94CJCRRjpNSesYeYYvnl-ZU4EnIDbFa8Ry4KqY0fK5HuqBSzEhRz4odnj6ubWbxKhg0Tk3VtiLm7STpO1VljgPA&sessionId=
36,https://www.zhipin.com/job_detail/b3345c41fd2bd23003Rz3tq9E1tS.html?lid=6Hyy3fJsffY.search.11&securityId=7ijMYXAE8NkHS-i1A87CBVJeUx9tOyAT90O61LTiNXrnZTdnYzyWmEBGeBBpbCAXQbHRK5KV0FQvxmZhN1kaqrToEXRE9YVc5SoQryYPycwLBuo244Glu6XRqQyrh3sU6MHMQGx9lozgtg~~&sessionId=
36,https://www.zhipin.com/job_detail/69839d67de13595a1HZ629W_ElpS.html?lid=6Hyy3fJsffY.search.12&securityId=9FqegwgMoRiIF-51MfetST6rRxpRoBudi6JVgb5qE0mDJCQMiWpt9UxgIXNzTZY9LTuSh_ajYri2PF1Zy3hLWjua5fRO5T6OuoMIqzUyz3amIu-qnzma-JXqqH3PQKp9OQqbLE1PG6tMxNY~&sessionId=
36,https://www.zhipin.com/job_detail/ce9161045878b8481nZ-2d-4F1BR.html?lid=6Hyy3fJsffY.search.13&securityId=lxBZNzJb7bg9Y-a1NfJpp-AIxp8wIzrv3RJXYpA4VCmMjRs4Zo46up7lgogAfKcMpbNyyaZ15Y3sCUmhzDt876_CNk9xiepqYfw3TINf_FI4NoOhrtzKMdIKvtFhxfMWvZMmLMhMZv9K&sessionId=
36,https://www.zhipin.com/job_detail/5b840b1079c84f911H1539u_ElZS.html?lid=6Hyy3fJsffY.search.14&securityId=7CqXCp8F22aS_-N1m-aIA7lnv-YzibXucIbS3O6T3hbqf64r5-tBLtAQuMC3jLQsF3FpIMGCXqGAV9HfBD0SVxSGrX3cvnqRUqyE6Ly299tGQ9n7f8SwxWYRGDYEQb8z5iFwKcnoGycS&sessionId=
36,https://www.zhipin.com/job_detail/d557f9629b8756b01nVz3di7EVJY.html?lid=6Hyy3fJsffY.search.15&securityId=f9tyeR3bAkGE5-j1W8PCMqEA0q8fyj10qbwyjg6WfIQzi0LsgszrU_9GYZvz82kiQzh0yj2AaDF1YJ2AkCXW_BQOJvFr536b_K-7tkFLyjwWJbYCpMks2ivuYVNveSpVLx95BeTt5WP7xi4~&sessionId=
36,https://www.zhipin.com/job_detail/938f42e0c2675bad1XB53d61GFtR.html?lid=6Hyy3fJsffY.search.16&securityId=8w43GIDfCJfUn-Z1wFOC5_-pR7WyPmvR8H323iTl5Tf8zuNzsKLLSquy9FoIZtvNQViu1RkqHjB2eVeywMC5nBDa2mlAMPUrEW7P_2rvwuU2aHSUdRw6_mxyYJ8Iom-vYyLrVWb9jg~~&sessionId=
36,https://www.zhipin.com/job_detail/42a5264133412ce81HN63di6EldY.html?lid=6Hyy3fJsffY.search.17&securityId=2Iwxuc1e28V1Q-L1YoKtTKln403u0NTVdZ0lBTdfY79c2G23LBSjFBS9BCm9y9BXA9dSF89U1LoGH1mQHOiRcYKG6Bc76YrbyWnysMwcTwqCrq5uTu0zJXnA-HKkt0oYDvVIW7wCBnNvHLc~&sessionId=
37,https://www.zhipin.com/job_detail/328ab7ebbb92e22f03R62N29F1FZ.html?lid=6Hyqrz3FthL.search.1&securityId=ax8YgKVV8szQl-G1LOV7k3kHIADWanjv29AXCWFErUheeg6r7vr00fvo_xbMykvGkHIs9w8cUxYD6hUDI3eA1WumfET-j8SFL7HUw-_nLL31YuHdx-0GlkPBRiTV4Vbb6QkZEnVSGJA~&sessionId=
37,https://www.zhipin.com/job_detail/c237a489483f03e61Hx539q7EFpT.html?lid=6Hyqrz3FthL.search.2&securityId=QSExJBF7UUUMI-g110eiCZZDJZfWDhuiOP7SRMdbBhMPHgKn5jdI-knV8BiaaUaSEuBJulZ0OCCdbMQJWnIW7wo2cxh7930SGkNzlHU8hyJxT8ywFijBsS8JlbnGQEfZeVeEAvlnCRTid2s~&sessionId=
37,https://www.zhipin.com/job_detail/521fd7728263b0ab1HN62t-7FFJX.html?lid=6Hyqrz3FthL.search.3&securityId=rH7oMTebEupUN-31ynunJaSYcq553gxXgaP7Infze7O83BuCRyoaevmOgycaXWN2QpT5OB_3ledBHsOnfNrxxXuPGDfRlvtBhm0OkH4BW_XdlmMbPq2NgjcaqU9DhyTxfILC4E6mGO0~&sessionId=
37,https://www.zhipin.com/job_detail/2fc4d28194e859fb03R72NW8FlZR.html?lid=6Hyqrz3FthL.search.4&securityId=pHqzflabMUJtV-s1Q1e1jvbRgGywVFwavVqJMHoA_eHM7KFvD5Ifpopl73tegs5JYsEEafe09IUD2PS4b36hR7Cymm3BYUa2SHYTQtmWT1qYrWF1505AyMfUVFOP-I6QP2K1fQM1Wg4aqtY~&sessionId=
37,https://www.zhipin.com/job_detail/662137c6e80c41251HJz09-7FVFX.html?lid=6Hyqrz3FthL.search.5&securityId=jqTuzBGcowxmM-r1QvKTDA655VzIFSOX1P5xdRPZ_jzsz81R0D8TXGMdLXqyeQ0gQy_0SW2IPOqwkKSb_pos5xUfaHzbusyZZ1GDkTNaG6JLA5nxWCyma1yedPt7iYByalAWJGzOFYkGvMY~&sessionId=
37,https://www.zhipin.com/job_detail/36c4b1f02d9940491Hxz29u8GVFS.html?lid=6Hyqrz3FthL.search.6&securityId=CjGQ_UFH3wb2T-G1ZHTlxrppCXKtxb5XjkOxu_An3m78HfvMOhCLocvqhMuOgcVcZAEXkTY5A5-u_zXZTbhPDSzfKS2-pe21HxyZvpArJtmk1IKbApOT67_qkImelzT-n4PpeW8X5d-UMSw~&sessionId=
37,https://www.zhipin.com/job_detail/eb094152123c8c941n1z3tu6ElNW.html?lid=6Hyqrz3FthL.search.7&securityId=i2UNihbzO7v5O-912gVcsXVBKNlfBnYLaAHM-T3amWXlB1uXDPdCvmdML-OHat9iso71Tv_UDOomnjXqFQX_kRAPq0kdd1lkKRuOgLf09hzEPJv5FqZmEsPlqZcGYBlWxoKoW2enBUfq&sessionId=
37,https://www.zhipin.com/job_detail/59b37629f3871e7303R50t--ElBW.html?lid=6Hyqrz3FthL.search.8&securityId=Li9p8VsPwLsF8-G117NfMQAv3r79wrIJujutOSb4ZtGfjj53yLDq-5AfDL7Qts8nSrS5B2pWKOIEUR6-l3i4vbZcm5zBpspJj09ibLJh9chz3a3PYDAgEJHkjxcRK7ocJFmxOf66u4UG5A~~&sessionId=
37,https://www.zhipin.com/job_detail/44be132674aee69a1HB82di-F1BS.html?lid=6Hyqrz3FthL.search.9&securityId=ZYzoNyynL6PRb-l1Um6hhJXSIzcyQL4tJPFVgXcPa22d265ATwBJZNM2tg6XL7Xf15gu_N1m2-lYK0AwDkqDT1gD9q5TLKWOOHCQQv_MrRVRv3zZkvsr-kuxVoPV_ATu4tZ4c780gbzr&sessionId=
37,https://www.zhipin.com/job_detail/31aa01d3f896ee2c1HJ809q1GVRU.html?lid=6Hyqrz3FthL.search.10&securityId=DJ9W3EvXrDptb-m1ozcmeUxIZC1EBitrSX700NCMzLsIEW9ioVZ0BW0kNzBLXJaaW_uxBCsU-Q5m-LlFTdAKHTStcAI8frN8vciZdicUdaxB2fTN7XA3EbreW9A-K3GLQNr65a1QREUvpU0~&sessionId=
37,https://www.zhipin.com/job_detail/2e025504c51c64cc1Hx83tW7GFVW.html?lid=6Hyqrz3FthL.search.11&securityId=cQGchnr6tWqUv-T1ZOv5Rhy_anCvoex-xvr506R6KtHKyTPjEubtq2xAabyOoNWsxKMHR1dp-Ex9nI-g0PiigmzxTEr7CkbOWnr-uKev-KwAaUV-wz5xL0ER0z5w8O9wyHek1CyUA0xkXg~~&sessionId=
37,https://www.zhipin.com/job_detail/54513942d5245e0b1Hx429q0E1ZZ.html?lid=6Hyqrz3FthL.search.12&securityId=jbswxyDgNr5lT--1fx1T9Ujm_FSCJsi2l1pjoAPmMbRSSeVifBvneebhu2uqj4_CtrITtnrF2s_d5_BwHzDhpwS7Ik1d7s1cnOrX_KUgaUDqSzW4nVT6zNASEzey_kCmu2IRuOZ0Qqr9&sessionId=
37,https://www.zhipin.com/job_detail/f0b0db3f2f069a8703Ry29q6EVRQ.html?lid=6Hyqrz3FthL.search.13&securityId=OncVctjOIu6NS-61BK5Xo5oVvVwfhS1ar4xK6ehLKJn25TFFOI6USbKWIPxwkC5bc3pgr2cDStnII5wEcredkJzpc0tWhxKc4ynz7EjRtmMHiawyFVyzz7axV05A0cltLzROVJYR9Js~&sessionId=
37,https://www.zhipin.com/job_detail/c777955b2ae03e1b1HZ_2dy0GVtY.html?lid=6Hyqrz3FthL.search.14&securityId=o6zkv6sr1Vk6w-51f3i-xv6iIEnrFxNlV8cEGeKQF9dWQFHMoXZmn9W4Ml1-pMlWhRp_b9TijP7d9H2ncPCW5lv1fExt13MFgpHOJsk-X5-Qipex5jpqWgihZduIcubtWxsRxq9oqF30yA~~&sessionId=
37,https://www.zhipin.com/job_detail/f9fd9fe5ef1b506e1nV63dW5F1NZ.html?lid=6Hyqrz3FthL.search.15&securityId=Eg88xr5uWjvsG-H1qMC69wRdgP5dGqmUNrp1XDI4R05uNaMBcZsbP_RC4vcFSZbJvWQAK5tAMP0uG16D0TEOAfq0kNBgFjTtAt-rioN1Ra291Cv9FA79XzRg6BYpSlje15ZznrlcpKc~&sessionId=
37,https://www.zhipin.com/job_detail/dd327a2116c89b5c0nVz3dm-F1s~.html?lid=6Hyqrz3FthL.search.16&securityId=8U2shRvQcslbg-11UOsC93xrtXZQQFOGhcd8ykR_z_0SYj4vjGBchUJwpGShgkHo4Wrv4i_64Xi5tIZ6_2OAjXsNK4McYXyk4WK6WwNg2ddp3Ainzn-SxOTTunRlr8rGD0VAImWr-w~~&sessionId=
37,https://www.zhipin.com/job_detail/58b7deca8c88afae1HR42dm0FVFY.html?lid=6Hyqrz3FthL.search.17&securityId=HcfAHINS0QWB7-g1tLLtewsT_qk4sxYJI5cwKosYr76RTuWHbw8yaigJDafnl7aRGt6ekJ1bMQ_qHuPe1EcOdd2S4GvfoCRsuZT6BvtTTE5-XD8nX6wbBD4WKkS4aTCtOJZM9S5Pnus~&sessionId=
37,https://www.zhipin.com/job_detail/bbabbcead7dc07241nN73dm8GVFR.html?lid=6Hyqrz3FthL.search.18&securityId=3DSXhPduYCEcD-F1CQaBldU6XOie5WW5WfH5zKk2lg9EqUo3MGes_3dtSLEceHWlCIOBvcYiX2ETuW7tLEG5fhG__715fJqfzXLi1l8OkF_0zp10YRzZ9KIF4EEtcMfBnx59POhcDVI~&sessionId=
43,https://www.zhipin.com/job_detail/09e9218de5cbabcd03R-0ti6FlJR.html?lid=6HxntGlJHuD.search.1&securityId=8H2gt2Xa5q1rv-j16PjZel30aF5iBkYo6aOZ60l8EAI-xgPoi_1gx1zJifgSZZpZpVOi1eiAMvoG4BrU5VMMAoBqNCySle4F6p_TgDSlAUzefHYKd_Axtv7vf--ZfWhHoFC92d3h3bjcklo~&sessionId=
43,https://www.zhipin.com/job_detail/fd370cd339f917111HZ83Ny0F1dU.html?lid=6HxntGlJHuD.search.2&securityId=02VLe1djGjXwg-U1lzh9s-Ucgz9bxMtKDsCTIg15yrfa1rO34DauXgZgC8gsg5O1ns-r1pPXHb_LFsHkNbh9yurDxIvI_RtNbIWmjov786FBNKb9dr_tn8X7LEWan0XbIKdKMaxihNaQdD0~&sessionId=
43,https://www.zhipin.com/job_detail/96380806eb6a626d1HN92Nq0GFRQ.html?lid=6HxntGlJHuD.search.3&securityId=UqASgGRmFknJh-f10noyta6luVgHnmbqWGPfdrzjMJ5MUb7CVcr96L56y6zhWlqI05ci3xXZ16Q3tHuBSMNkHR5hqnDVJ2jy7hTqPRmBvypuzeJ8XZE6f8wyq8MUEnV1A1kN6vEwjusQ3SAJCW-8ysAwYAfEQT5vuCsjnsDELJRv9Difsg~~&sessionId=
43,https://www.zhipin.com/job_detail/9c148914dc48b36303Ry0tW8E1tR.html?lid=6HxntGlJHuD.search.4&securityId=mWl6dLg9pWD9t-y1lPuvYhbh2M2sgMZHNb2ABDaXspxKBsTGEeO9EqNxj1VZzPYk7QBfe8eFmBkyRMWk2pKiCRWgyP0ez3i-MWLR8nj2WA1uXGVpaH5-L5YaVN-5Wg3KZgL_UNMNBKWN0w~~&sessionId=
43,https://www.zhipin.com/job_detail/9aa63aca67d13ab11HF73tS7F1BR.html?lid=6HxntGlJHuD.search.5&securityId=-rh2IoHKpsXQE-D1m39lOKlzZ2b2g4ktnYTUfHSX4gLuKi5YDcXxljxA0lZiKh1iX7t9GSrM9onYjgDPCKeIx9Jk8qz-MHJB8ykonGFeY5YAWhnYhkTZpeWMeS_flmChvNCIL-WNPd--_w~~&sessionId=
43,https://www.zhipin.com/job_detail/02d5f57fa5f646bf1HN92ty8ElVQ.html?lid=6HxntGlJHuD.search.6&securityId=0LbpCYEWhvJN0-q18eGvGZ_tUIEI4EUFOWLkzaS2vjTGPeZJ9SPruJ2y5qmF6Ehof8sOULhwijiYzMsNuha6bP178npjzHao1i3-98_7D_YP_UnjTexeRYRpWQqsesLh6RgYYLoVOAA~&sessionId=
43,https://www.zhipin.com/job_detail/15618fc56ceb37301Hx-0ti5FFZX.html?lid=6HxntGlJHuD.search.7&securityId=tDAF_pPhz2DcW-L1UEM4RTkT6Y3shTChrYGVtth1J1QkOuxdg34GFAs2iLpfIM_dr282ckq1P-WKuRGCOxEeweYhSB0pDITcy9vO7UmiRLqGtUXu7uC2PdQBL0a8Gw2VIEQ4FTThZWquww~~&sessionId=
43,https://www.zhipin.com/job_detail/6ad1d17dfbffd01d1Hx43tu7GFtX.html?lid=6HxntGlJHuD.search.8&securityId=uida4R3s0D_U6-N1D7fOuG6zN87c7w6is0Slg2BE89kHOhpdZwNMF9sVpgx9eyCXjyVgcnO2wnhTmLJGucQj8mYPLqknoIeiaKFulVTydqV-MzoAuJmojWVOAExX9ui4Kxf0CDG1ZMbcUA~~&sessionId=
43,https://www.zhipin.com/job_detail/482cb8f8d6e3057903R63NW4EFZV.html?lid=6HxntGlJHuD.search.9&securityId=xt4oaMWNvczWX-B1YXS24GeS5wbJauT91DekJL7mk7SVackOr18RwryNADCMvRyGML3Nd4QKW9iecnjdvLjL5F7c3Dob_A_3LrgiIEcUU83vR7x4ZW4JmlRoghItA6ZmYlUrdQhhcJJA&sessionId=
43,https://www.zhipin.com/job_detail/c559fb23579185db1Hx_29S6FlFZ.html?lid=6HxntGlJHuD.search.10&securityId=S7PzYq9Qm6_7h-g1Z8SdFQ2XxKGvoIRDzGGqflNwZWJfCjCLaGQRIZDMAlDNQPDZ2GdR8c78tx2bFBkzy9C32ZYZXppHWk1skaBRqEKtBQpMJbOra5cU6znksK3G1vTr0v3gkzF1o0RNqvw~&sessionId=
43,https://www.zhipin.com/job_detail/aa1f96529f9abd791HN-09-0FltY.html?lid=6HxntGlJHuD.search.11&securityId=jdJclGwKNt0LN-d1twP25XIpXeq56DoGcbK5ULTiEnxnR-GK1u33dlClo5vsYsfM5m35UvbVt37HbD7Bw-xlSccu0t7rmfaBwX2HibAhXAq5c64N8szKbwrFeIe8x3Ap06GoowaPz792&sessionId=
43,https://www.zhipin.com/job_detail/9c662689326d103a1Hx83du-GVJS.html?lid=6HxntGlJHuD.search.12&securityId=vB_ILhPwc9ygz-z1NTipGK24AQWoSebKW-g7pMSS8AFGNg08F8U5Ky70zSjvB8P1Sn3JBnCsl969R7Jkb9YY9swMdwu-DnNKME3WeCKha386yHb4XC9gDozJcCiQLmqhdRdN8fWZJTQ~&sessionId=
43,https://www.zhipin.com/job_detail/c8484c3e6a2b97dd1Hx73dS5FltS.html?lid=6HxntGlJHuD.search.13&securityId=KV0YJVk7QKvU8-I124N4UDgVbf802kwKL07tfG81rgGUd9sghLlblXhfmX205BwRH8QV50DNiox6MzSRhI8ETF_3BZE1U0y-eJn5YVgVzJl4hmP5viSuho9Aos9IO82HJubYBdt5&sessionId=
43,https://www.zhipin.com/job_detail/ef1273089f6c0f9603R829S5GVZW.html?lid=6HxntGlJHuD.search.14&securityId=k2VIhgBDRY86e-m1bRq58QgB2YTuWeqvZqWL8sTuKCkBhPkUD3XYLKuuxamR-SkgRw5OHICOLFHt8mg48VWV24P2OsMk_jbPkQ4s6h8xYK1J6Gz2XpJ75Pwtv1_7oc33419FPotMISBjGQQ~&sessionId=
43,https://www.zhipin.com/job_detail/f2d2a3ae97e2e9d003R909u0FFJX.html?lid=6HxntGlJHuD.search.15&securityId=QSBA3gwbeYwDn-I1RxYMkiFzUtHaMC7Pn3UiQDBpKTpIocMeDBXkMvPsEF1Lo4hqeQvchC8_HRRhJa6qPgmSggVJNz-CfEedmr5AR9rKUMgdjMUYYWFnxTrpJpnzarZE0eZ_PZJ6yNZ1Xi0~&sessionId=
43,https://www.zhipin.com/job_detail/bd62e450a48467511H1z2Nu9EVtR.html?lid=6HxntGlJHuD.search.16&securityId=Bel4QHiNviCt9-x1UnLHnm-Av_o6zL5OK-VDXXk5TkDl-6iNLtAdXiPaMbp4mgsUDBMAncelobS7MITYOFfAuzDfgkRAhK5S8Key0lT0P32ei2zHb1fh5e8pMMpaFrecd92UVbHJs7OPcCzGAqGhL7oqUxiJMAWCflJvkpidLjxSwOThZg~~&sessionId=
43,https://www.zhipin.com/job_detail/ac0cd0c7731d161403R53d27F1dQ.html?lid=6HxntGlJHuD.search.17&securityId=fNbQ98RkmVZYT-s1x_sIx1BZB0BPbRtXm469uBCnff-fs0u2BO1Z3gOMNS2mPxO4wgS76KLOFFBgyp6KgwcTSx830opOnbWfmg_BOkvoekYWr58Am9VnoOl5MSSPcssUFwfhcEpXNqWFLg~~&sessionId=
43,https://www.zhipin.com/job_detail/abfc78d420443f1203R90tu8ElVW.html?lid=6HxntGlJHuD.search.18&securityId=5z1uXTkrVwZfw-81DgtSBUpZpMO04ZUn2IeY6hszri3WHkZRu1w8klzLtedcNvtScb5EUlLiA0c2tk9iBcGUR03XIG4wxAZ8l8mH5j2-tN77KywBRF_p4X0XOwNGIjj2euGYu51r4lq0OoNb4JREzrNmZD-6Z66gLkAs8s_J8fktqREiVQ~~&sessionId=
43,https://www.zhipin.com/job_detail/0de4303030ef632f1Hx929q0GVJQ.html?lid=6HxntGlJHuD.search.19&securityId=abnu1mJtAFY1q-a1ZfI5KPJ3Lg8e80hlRxHaiNSwJsOmLQ7btrk4LoO2uxsJYUuuhS0-88xU2_vX6n-5kcltrojFhc3QdORJ6tBMBbsXDHbnLGPs42gSimLx72zxjaUhHMzRcNyYOGc~&sessionId=
43,https://www.zhipin.com/job_detail/a6a2ec65f62f17ae03Rz39S5E1tU.html?lid=6HxntGlJHuD.search.20&securityId=u5-KtPA1JYxbS-X1QZBuqjRkaCezhjCico5Y65cXVKXhHwDNZUv_0ha4ht_CJOtIxCmw5hNE3WJmWpUcoGr-Bv3cjqRO_X6qJmhkuDp81rnsI5Gl8aTrBzdaVRBfUZai6hlWZ9wcUUhniA~~&sessionId=
43,https://www.zhipin.com/job_detail/e65464d36a673a621H193tu9EFFT.html?lid=6HxntGlJHuD.search.21&securityId=0Ic9FAj6hJqan-g1dqa0feOOaxIj5pGZqDyrcQ8Pflx9aWMeYuV5thM7iGr3jOPZ3qv0toFKK0N31Hn8qbHdTkh5JYa2O0xoOyUMvhHguSnsqJnB39trAKfAJJMIBpeFHQnJ3U7V3q4~&sessionId=
43,https://www.zhipin.com/job_detail/855a7f08bcee0bd31HN72Ny-FFVR.html?lid=6HxntGlJHuD.search.22&securityId=dCDpeLipbLWtH-81nO9MdKF0kBMF7ss0WDs4fjwIr_mGKtQ4y_bfprdKt-mf32Csjv-YpUdNGTqA_N2mnTUXqJVFLoeSFoaIxBZxmoGyWbdhb4QKRU5fDsFc1dpoSIUKmd1s7aHg0B4xvg~~&sessionId=
43,https://www.zhipin.com/job_detail/b6feb38233a8fff51HNy29S0EVZT.html?lid=6HxntGlJHuD.search.23&securityId=rKNiCw1brBT7U-q1dXDxNCNFN9nUgXP9FVK0nAVCSi1xAPW0WWVzzOLNO9YIh0nL_ARIJb8Po4ajD3leA2MsoDRxcqk63zvLgNPWP7feF2EEpTYpORQ-vXrOURSg0bqluSExbUOMJpGsJQ~~&sessionId=
43,https://www.zhipin.com/job_detail/2a38f46a67a323e703R52Ny6FVFU.html?lid=6HxntGlJHuD.search.24&securityId=mOQcp6iyUAaUz-41EMHoDAZJmyEk99RJUZSkK1TQ0msWpHc3vudtMbZ7vXGY1dqqxshmhB2qBCHK7B1ATmYaVNLFueVTO2pgyj_edKtJPlWVxh4CEE7s2qw15xl1E4TZ1j-z_b-eqB8-4yE~&sessionId=
43,https://www.zhipin.com/job_detail/206950ea267b6e4503R43928FVNV.html?lid=6HxntGlJHuD.search.25&securityId=lUhaA9r7O10DW-M1lTv8YlQxfwMKq09MXm0lMkhTqGAv2jq1FlTuTs_zo0O4ukL7VGaGhiOzub4gQhPEO-CP_o0kZqIJWgA05yFy02p-t5vg8FGRSHFyx6k7MOPVClK4TZhnazoE_5_qhRo~&sessionId=
43,https://www.zhipin.com/job_detail/3b08cdace1fb24fe1Hx-09S7GVRT.html?lid=6HxntGlJHuD.search.26&securityId=7cCAqjwml7BS_-c1isxTumCj85rFw2iPs_RXaJDOFymA8OC0qjLsRp-iGgyYZ8K0QIy8fEND6SmuZ8RiaClqP5WLDukc94Oc6WtlF-Sntz-qilYv3bnAEDfoSOta0JkLN4KNYH44wyZ4&sessionId=
43,https://www.zhipin.com/job_detail/8912fdca4dbb41eb1HNy3d--EVNX.html?lid=6HxntGlJHuD.search.27&securityId=wtsa3TiGMbX2T-G1Le5hxSmtsdyebbD6xqCoEy7VOec9hG2Vr6jfFYJ_fhwMWnfPjSpVvS_WJJFTsYrdZ6uWFfx7JfDmzbeeoKLoZUfPnki-ay5nkk8zQrflcuny1KrQKyCN4g~~&sessionId=
43,https://www.zhipin.com/job_detail/ba844bc78d13f6b71HN92Nq7E1ZZ.html?lid=6HxntGlJHuD.search.28&securityId=SQWEq5BJgv4Va-C1eibiLlpzmleQx44BQShKdspjKdlvNzfwzvJsGeJerq6Jrn33zj3C6vWf1GgBLP-N-9myz00liOPO6LU5XfQxH6YyVosg4jWjssLdtoggDEimKl4gWIZrka6S8uwt&sessionId=
43,https://www.zhipin.com/job_detail/1e81e0d88c47811103Ry0t61GFVT.html?lid=6HxntGlJHuD.search.29&securityId=dPsb9wToMt6Fb-Z1SBpD-juqkjcItqoPWMfV2f3JaYo6VKN8xtTGncYPfFm8ffZZxocFnb8J8MXu10PKHBOzpeyc33yYZW0xXMa4KLMFGx2EWszgkgyeIsviHZT5bwJk9bgQMGiy8hDN8mI~&sessionId=
43,https://www.zhipin.com/job_detail/42d9c090bd24bdde1HJy3Nu6GFRT.html?lid=6HxntGlJHuD.search.30&securityId=v2o1VJca0Vjsa-01sV4CFC4tHQufCjeI1QQUlLQZR60Gm36C7J8mVUDJ6L2w9-M055ISi-GG1jiyEDypaPGHaG2qAsA8Mc5X3HQNjFb10OE82ymRx9H1BZtk8MsryF5PDyQJFPpvIYLyfNE~&sessionId=
45,https://www.zhipin.com/job_detail/c1bc17c590e524991HN_3di0EFVR.html?lid=6Hx447sP0fR.search.1&securityId=GQa3fmbEVu14E-P1i4WlaMh0GJkA1qbvryT8h-_kEgitll0HeHre5iohlUCXohepmM2hoo2VD-2H3_2fPWuQkE1qtg0tJOasKMkFB6Kc9Y1f3PkPSFc2HXycwoUTrlMI8pMHGTxJKs65YqQ~&sessionId=
45,https://www.zhipin.com/job_detail/5bfdf1abe4ab0c2c03R42tu7FldU.html?lid=6Hx447sP0fR.search.2&securityId=dwqdKuNgYDHvQ-N1I6pt7aX_sxcTefD_oTlF9VoNyTaLlxUfpAalzZX9777MvcTFW3S3eM1HbMdqxgBai18mDmNGLlLsvkBoCFBKIGhTc6NLjRbmOKyoiEaYvGwxiyK9-r2d758lhiEkjl8~&sessionId=
45,https://www.zhipin.com/job_detail/7a9a8662cc8416cd1H1709--FFBZ.html?lid=6Hx447sP0fR.search.3&securityId=4eDS80MOC4zbN-w1NleN6v7XQERNM7oWLtRXKlvtXCAo5gYZhLuvb9c2Bm3agR6jLdgUXU_Ndc5K4iudzUe-HTUxzP9WPBwRjx23iOI26_Xy7QeV3knPHNoErsjgWuVznHTgCHpS7Vmyng~~&sessionId=
45,https://www.zhipin.com/job_detail/e254aff245b6213503R-29i5GVBU.html?lid=6Hx447sP0fR.search.4&securityId=iW7HernwN7ToW-E1iry6VJuxM6r3tos-hr92RnofWPw5-RwMQC397yJX-fmb9HJqsNsHMi9op4_jJRsV1d9VNCRJ-w0LssX3aIRHyosCq_RvIFaFdEoIVgRYvXq08VUIJU8LMoR98-ZAoZI~&sessionId=
45,https://www.zhipin.com/job_detail/7a401e813df1fd5f1H1-2N24GFBX.html?lid=6Hx447sP0fR.search.5&securityId=v0f7StAJvTqjM-D1bODVRDZXwUJVQ1dpuu1hEFIoKt-tSj3D49EHEQO-RlhjY-qwwwWEjtF9EKeAEyH_0wrt74-dJFspRLDkIpMdcwW1aXKp9ysUp60fiI280-4prNAlIM-0D37X8KxGT6M~&sessionId=
45,https://www.zhipin.com/job_detail/9cbeab6d1891a31c03R-2dS8EVpW.html?lid=6Hx447sP0fR.search.6&securityId=1seKxcDfZE4cw-F193-DnmzTPgPuSnol9zbQTRmA9lVFvC6GzVJB6HxC8n-i9Q5VICRBjjMJfhT40fuPRQMEwHHFcgkaBuvWm4WESU1GWzCPoRUe8xG6W2Co6lAah2CGUu9oAO1SADOhpQ~~&sessionId=
45,https://www.zhipin.com/job_detail/02940d104f967ddf1Hd82dy9E1dZ.html?lid=6Hx447sP0fR.search.7&securityId=22PaR0rw1XIEJ-91I62wQ518RXFIAj293ukGPMYPC02x7yGHuQuUsTQu1BMgAQ6FmIxvlA_Tv7Sj3J7qicwl4k3t1hSUUyDiZFxWJyxiLknbeD2VWiID6rFtSsZC0MS5oWl23p5PjCLboQ~~&sessionId=
45,https://www.zhipin.com/job_detail/141d74765a91a8b103R82dW8E1VS.html?lid=6Hx447sP0fR.search.8&securityId=NjQG5sPfAnKhG-l1CTEyALjAKgY5-olHHW-OVzjZcxdYPCoqaC0Ct5wWL130o4fYwNglQ8misY694uhVFQ0uvJAj8Qsqp6Y_GXaVYoT_ybmVXS4EiUh48Fb6VByXrX_7DOJSh4jhfv3y7Q~~&sessionId=
45,https://www.zhipin.com/job_detail/7790742f2d92d6d81Hdy29S1ElFQ.html?lid=6Hx447sP0fR.search.9&securityId=GHipxLBwVy2bz-X1fhodPjx4p8dAcVbf71l67476ian03gjhGAEk20q6lAt-q_cixt7kp2aG6f4uDv1jkdi-ZEHU1RmM2vokYOyHvnnbAnbTybUJF1nokFzJze9OQOOS1NhtEOYtnZ1Y6Q~~&sessionId=
45,https://www.zhipin.com/job_detail/5375ae8eb8af518403R509u7EFFZ.html?lid=6Hx447sP0fR.search.10&securityId=s5Wl-6dMFqMD3-117BKowpo80rXhLFoI74pjMavogt7OQx2oL2OPbRJJtJASB6iLi7W99teJOGQjrIQsR-cxCKsWQmbySn7UwhWpFjvBoiiyCG9l7SUsgQJAfTr1ehBVKlQpBACPKQ~~&sessionId=
45,https://www.zhipin.com/job_detail/671d16429821c43403R509W_FFdT.html?lid=6Hx447sP0fR.search.11&securityId=buxPYuLr_xH1I-815e1FGRg_8PwmsexwZUNQPKNMvG8LnnFP04OVR5DNrKdp-xV9o6oiq6ABq7hB4F2oNti1t3fdN0jYww-bpP5gYh6SEcseOm9w_Un52tk8v1W_h0S3j9wgN4WnGxDTeJo~&sessionId=
45,https://www.zhipin.com/job_detail/35f107b0d524340b1HJ72tS9ElNW.html?lid=6Hx447sP0fR.search.12&securityId=Q3x3uOYj7t0eJ-t17LQCYwd3MSBv2v9zET1trgt1rE372UAYDAwvwyN_f0paL7aBOLn57BNcoXa-_BvS_q5QzZ_3SsTNbB4uLrZgaUkEzBLlh7lgGwttCr5n71D--VA0VLnWCw~~&sessionId=
45,https://www.zhipin.com/job_detail/3755cc651f189e9d03R809S7FFtR.html?lid=6Hx447sP0fR.search.13&securityId=pQCP4IwOGcQFM-N1YjDe9IFGtLEU6kUh6jUihweM_TpyoXTJ_rhhxFR75NHPLeNHWNlng0pdF7RBQ8BgTwcXCaDMZy0Q4qEBhj2xLn6zVEA2JaqoSUpsKnwIcIHUPrH38ga7u9Kr5f-R&sessionId=
45,https://www.zhipin.com/job_detail/cb8470dd89362d0f1HF52dm4EVVU.html?lid=6Hx447sP0fR.search.14&securityId=hykDBsNwan5DJ-w1JLVDUX7V6TKBfXDKdbhPYVtYAdQjNcJp-VJla508rEQGLmRn5e5tkZPKmqf8JRp5DhDHAb1_7JRshiSY_OY78BT-n5P8Jjs8VzTzyw4NVAcNjGI1fyFWTFQ5yPA5&sessionId=
45,https://www.zhipin.com/job_detail/16841fd3973cf59e1HJz0t6_FlJQ.html?lid=6Hx447sP0fR.search.15&securityId=TLbEgQ0y-MKnD-21vyIdXRSsdfb1ARIahJD_pfMX1oh8som0fQPGHhq8FxO5ufP5TCNwnrvWxphZsnN99Ex1VVnUG7Vy8vZDhVLjX8llUkKJq4ko9ypaR1o-HcQrV-jvs9-51J0amwHmHA~~&sessionId=
45,https://www.zhipin.com/job_detail/b8b4571552d40ea403R509u-ElVU.html?lid=6Hx447sP0fR.search.16&securityId=l7Bh-nFF9Q5WI-o1GiuRBZpD3GsfZpch0kK-_kEs1i4VKHoPID7IWsTtpJATiqgVAyZ2eHHIUZC9_cU60WaJo9SfWKyubqujWntbYnplAK66UT-8GWsMcnmWM-4dp0o9AHh2Ya26OA~~&sessionId=
45,https://www.zhipin.com/job_detail/9d457d2b7847f30f1HF40tS4F1VS.html?lid=6Hx447sP0fR.search.17&securityId=M1c9tGnHkePlf-S1c7DWmmRAWSJCEmxDm4ZdOOEdibuGn2-rZEeU5s8NtZVTOJ-yilSB4SDdHlt-bmAETUiaAmcqaGIBV8V4dOUdpl0psBuLzmTv1QaKKnbQt6-xd9KQxoiIQYuAE6QHxA~~&sessionId=
45,https://www.zhipin.com/job_detail/6cfc1012a48196451Hx_2dy7E1FU.html?lid=6Hx447sP0fR.search.18&securityId=TMXLP2K8Zx_zO-h1T9hB23np5MRGDw5FnJfQs5VBAZd1cJN6_RT3gBfKlSoPsTgxnHcVifXhNUoyg1eFqqASu2UIadhDT9baiGIRD5I6RdolLS4kuKw2V3vPx3tAKYHW6bs5etZAPr8~&sessionId=
45,https://www.zhipin.com/job_detail/52f54c9d7992c26503R729y0FltT.html?lid=6Hx447sP0fR.search.19&securityId=dflxzgwEL6NYd-t1ndgZHkM9zY62hwjRixFAarN-2j9GMWuNlyAZ7IJZG_rdLcZmDFYIvNzgVQC7Emmwk3hKj6Lp8nYVtLsuCAPsZ13nF1dQhht_hwJu4_MHA0edtyhXToQuphnNBR3gPQ~~&sessionId=
45,https://www.zhipin.com/job_detail/d4efa63975a3ef0703R40tu_FlJY.html?lid=6Hx447sP0fR.search.20&securityId=YIb6l8mFQyYDe-B1AxKZp3e_xfZlnRMczMcFGrcxTJ32BeVnnc2tdIJISiXDB36DldIzhoMiufqh6LTIg36CtGSWgOSBw-4vMnbgWwq6cEjasPpXYc-6OpeNCHiJoNanwsW70J1d5MlZ&sessionId=
45,https://www.zhipin.com/job_detail/3788f1d7f9bdf0351HN_3tu4E1tZ.html?lid=6Hx447sP0fR.search.21&securityId=plBOsrWMdxifN-P1OEyNTjzpOCypnaitIkexbrOi6qLOfr6wIR5azv7MKjI1rVllJRKfTnpIlg2gnmZtCq-hQkF_KEL6_oxjr_Q1Krt-IZPMvHOAJlqoEhJUfx3OW9rv2QodJNy2i2RAFP0~&sessionId=
45,https://www.zhipin.com/job_detail/5a48fda5b394f9e91Hxz3du8E1dQ.html?lid=6Hx447sP0fR.search.22&securityId=x6OTk9YhOLakf-41Cwgr4xIV0fYOkuB-KyuqPE4npK-5gOugwp8yIYUKT1Co3EXiujAANKkk0HdQ_9iynPiaTSg1VDSB451dhzdK-anl6zZ8U6xKyfq8d-usgab0CiWRG8T7tA-3Qqjx&sessionId=
45,https://www.zhipin.com/job_detail/8563d5ce6c81f8cd1H1639q-E1RZ.html?lid=6Hx447sP0fR.search.23&securityId=QxmQS91MzrYVZ-v1K1iKBt4MEYfMgjbnuqiP4wOWQ5oPnLH49q5OG4tijCKZb8EGIGE7ayzZiFtfFRPCPSR767kk4uM88HB2ivpIs9b_BoQprzcnX9DIX3w3VaP7E0qFnOSjU0GjM6OqDA~~&sessionId=
45,https://www.zhipin.com/job_detail/067060c9d3cf4e7e03Ry39q0FltX.html?lid=6Hx447sP0fR.search.24&securityId=WOs0r8avfDfYm-a19oNQ7z9vC6ubBNdHxRJouswL_XswHyLaaGJhIzc1YJSanYdFR7t6YQHK-4yIDqE5oCyTvcDCZEtKVE1Q67_LSk5-yfetRWJyhGoM4ii1_KZXcCLA-Ew5fD5uiKOK-g~~&sessionId=
45,https://www.zhipin.com/job_detail/f9ae66e2adffd0cd1H1y2N26ElZW.html?lid=6Hx447sP0fR.search.25&securityId=Pkx64pFNSWZlr-s1J__ehpcI0IDPh6NLTmAia74JnsUJspaHM8adBuj-0P1aFykstZcPEUQs5QmrRAkl59n7v_r5_NA4kP4-NoCdi3JCW755EbFjEy0-7aOdP8nTc0dBzqu4Wmy7YRQG5W8~&sessionId=
45,https://www.zhipin.com/job_detail/5d96a9cfeb0a5db61H1729S0E1ZT.html?lid=6Hx447sP0fR.search.26&securityId=l9BMobjceYkQx-l13QR97P5SicZny6ZMSBZfmR-CUqDlvPpUWNGcK6QgzUStfJpxmO9FTkJIkqT8fcoyhPQ9OqMSjW3QSwiCPsQrXQZejydW3e6Nh8q6YPgpHgaL8rmKc3dUH5TgAHPh&sessionId=
45,https://www.zhipin.com/job_detail/5e7ca226faed520503R63929EVRW.html?lid=6Hx447sP0fR.search.27&securityId=3ZnZQwXaRZpAc-R1Ofx_5WinPW7wdF0imKIQz_TMn2Sx0gjpTnQ0VRObiuo3wYCteF2UTCWUboezRiAgU0m4v3Z_nNy6okYUqI39te7oBLZayAsqiJUi-sktBFmBYLTDQtGUDz9t7e1eZQ~~&sessionId=
45,https://www.zhipin.com/job_detail/7f3d589a3eb4e6411Hd53dq9EFBX.html?lid=6Hx447sP0fR.search.28&securityId=6dj8byIayiWkm-H1PC3uUccuZ_VJbtXixSJg3DXpjqGCdZvTLI9lDYfanlF4J2sX02QY_O84rDqxHc8urYCG_AARt_IGujqhlSsasrp7btvSMVDC07PekqAnNppSJLgjCaWHKtGzc8eD&sessionId=
45,https://www.zhipin.com/job_detail/38018c69f20b6ee31H163tq5GFNU.html?lid=6Hx447sP0fR.search.29&securityId=09QVUd8QH6VsP-d1b0BPMAq4alC0M--9CItnvXhKFMjycG7EDclAuYzaZ2bKEtwxrqzGJIu76S3sJUcz0lk8GF-1oxaZOwnTltUCu7uj393HcqozG_4mhrkvuGx9HaW0KE4AwHXbWBaq3g~~&sessionId=
45,https://www.zhipin.com/job_detail/045eee4f427ef44a03R73Nq6FVpT.html?lid=6Hx447sP0fR.search.30&securityId=ZFw1OgiJ9pn9i-C1mYlWjSijft1T0K8bpHh-7ZVv95k1q6BLaaRMt2BEdaJYVvI0HAWUlaTPjEhQl7kYTNuta02gKzjxfnK1hHzZpyTRSMXmLSyFfd9naTq4RUXcFQT_CMEP6NLKFfE~&sessionId=
47,https://www.zhipin.com/job_detail/3f643b326692c6891HJ739-1FFpQ.html?lid=6HwNa0L0UrI.search.1&securityId=GqTbS4Z1hNq7p-v1ia0gRDip0LAoyEDSvlaC12vCJyOxdKSJXTNFQ9moga31ldT1HqDdIhB2LwlGFaSyOWfDSJZAkxmnhj9XSck6SW8In94-0ElqhK82y4Nl4RSzAs5x14_GTs9PGgFS7w~~&sessionId=
47,https://www.zhipin.com/job_detail/5bcc70fa99752cc80Hx_09y7EFU~.html?lid=6HwNa0L0UrI.search.2&securityId=p6XFlymAEFZpd-Y14NJH1oeauG13uZQUzDu3GHnkMCtLUsNou7K7gBvwoHtsMG4khUUpeoLr9rJ4ub8ehJF9LABw5RBIoQ9Ioqk5F6CTt2kanJVukLiNkrOF2CYc1nBgvQQygBX6IA~~&sessionId=
47,https://www.zhipin.com/job_detail/f85fab14ab3756b41XN_39-6GFVT.html?lid=6HwNa0L0UrI.search.3&securityId=P9lRdVI9gKvl9-B1Klb8gylCOzXxGqH5isHjhcMsEefamdxEhV8kGRZ34mQtRL5-N-eEtkomOGYqN_8tAu3XuJJwzvSyCFWg-SAELSVZBhub40OMNvcO8FQ8A_64rSAmsUO9ZC75Otdf&sessionId=
47,https://www.zhipin.com/job_detail/f009f1844f453d9c1HZ63ti1FlVQ.html?lid=6HwNa0L0UrI.search.4&securityId=thILtxLL0JAUa-51dmqEytOzEgwbQKd_SOA2jkchSFKZAia8NZstkO9gGn32EBCIk2tdnWmwyCdtdfNq1hdc9_6m2f60ou4Uj00Ug9ZWHWVdD4BsaqfFDnQl27iZy5Xbwd7eZfVqEYT1FZ4~&sessionId=
47,https://www.zhipin.com/job_detail/4c79a426cb12008d1nV52t24ElpX.html?lid=6HwNa0L0UrI.search.5&securityId=LokguZESOY2zI-r1dp0kxAHb_rjBSelIVizahSLfdaMjQL7GgMT-gbFChGTSn4b0OpxKaICe8CX1R_3IjyhgFNFCsfYKO2vnqunu3r-b7wpP8ld-8_CVTeeTMK08MsWH2IAtsS4XiSTS&sessionId=
47,https://www.zhipin.com/job_detail/7f314a9276e23c4a1HV-0927GVRR.html?lid=6HwNa0L0UrI.search.6&securityId=FCzuE1IKdRrLm-Q1PGuRMFZye93U9UCfhtqwQqyGYJiVt0f1pix_39kKwOe5wIKNu2jO63xH2WemiIWOqyJrF4d862pKAwsfquNhXgpZmJAXIfj8AmvoLGoa2L2tmPQQ2I0W_gpDmqtZL7o~&sessionId=
47,https://www.zhipin.com/job_detail/21e12982664d13ce1Xd_39q7GFFS.html?lid=6HwNa0L0UrI.search.7&securityId=E4t9mgAy9MQFr-S18qRGzxGBHui5CXxHEZVe8y6sNkD7l-an1VH5x8exkkjvWUN5vv4RmIop-ENVg4EHKLemSQ6KPfJOYm7uLFBcsAkEUPrcFbFVVlO7Of6HBRU3xePpPJWkVavJ6_HO1wU~&sessionId=
47,https://www.zhipin.com/job_detail/5cf91b22bf8398351H143t-_FFVT.html?lid=6HwNa0L0UrI.search.8&securityId=LI2n2xdDaQtR0-o1YYapiOEke7K_HzRgw7STj3KFuZJEIRduNvdsv8CTVzwEJkG3ixME3-amDpDSp0nTDRvZUSzY0klv9h6WnXbWvHbjYFEBxfOgyomlSZ3pUJxSBObysoxzYD4vrdX5bw~~&sessionId=
47,https://www.zhipin.com/job_detail/04ca3ebf2340fb201H1409y9F1ZT.html?lid=6HwNa0L0UrI.search.9&securityId=iNTCFbaNAZCc9-M19evUIA3tIhcpbJcBRPJ_73m-_CaSo-bcbtRCXNmGKufouGGbcf1YS1glWn6D6snbO_fuJbT82lJHhwV0l6IgAq1SAMfov_UHy_TcLnxhV8_4Dk6X2dbrhCJ06UzGhQ~~&sessionId=
47,https://www.zhipin.com/job_detail/2443adde424118fe1HJ40t29ElpV.html?lid=6HwNa0L0UrI.search.10&securityId=j3chZFDIsKWz5-T1-4VXODT0LbXSG8QbIFzs6zpvEG245BSb_qQRywSPV5XqzJAvPl2UbteyiZu0kYkIqIfbXHeIj3xC1gvSQpmYqQc1lC2RtODlMHrsAh2lpjiZSNfWP1C7rcsdzmTakss~&sessionId=
47,https://www.zhipin.com/job_detail/1c280f236a9757bf1Xd_2tu_ElVU.html?lid=6HwNa0L0UrI.search.11&securityId=paTV885iBx9UR-b1uzSYypQhIqDmSoXs1Pt9d0_qt9Bvad1jMsbOjr6kg9zPD9xVoAKOCOOddBZ677FtgBdCwShevhaKm30UWjfM_ygdOkHixkvXOxrovcXVdfEx2i_-BA9zTlJOskHsxQ~~&sessionId=
47,https://www.zhipin.com/job_detail/ead8fe767ebc4c1e1Hdy3di-F1dX.html?lid=6HwNa0L0UrI.search.12&securityId=Y24i9bpBIJqNp-v1gOEf2_5UI_RmLClFQ_WWhhMVSnMOcMyfXxTJSEUNCsmkiga2abqA-hF82b7GVN-iOpEl5P3rY0qQU0Y4PL6P3OhT5dybtmkuFchgBT2tZaZOSAGisnKrK77qC2l_yyk~&sessionId=
47,https://www.zhipin.com/job_detail/5d8015c56bb255881H172tq4E1ZT.html?lid=6HwNa0L0UrI.search.13&securityId=VDyr4wzNORFXz-n1HyuU4tR-WDT95bD8Sr-DpjIMU1Iwag7jV-keik8WTw4FAIsz31vw4neWXqaxKrxZD1dc3264xPYOyLyb2iTFqjaT1MX__r_THueZYsNtrbmHpJM9TccdoJtp91sy6xc~&sessionId=
47,https://www.zhipin.com/job_detail/00c6d04477fac7841Hd73tu_EVBV.html?lid=6HwNa0L0UrI.search.14&securityId=n5F3va79fpIMb-u1S_v5B2BL67DLFQR4Cs7f7zaFPAfs9XDCmU2LsiJGHUuU7ZUCm9z6mbPxbMxeDh3GpBteBgPsDL5wv574bx1LOB72vttXUw_FZHxJ1ETvPw6B4HjGUtUfPTSg94QeXw~~&sessionId=
48,https://www.zhipin.com/job_detail/27bee59007ca33ca03R_3Ni7EVdV.html?lid=6HwB3BQ0Uuo.search.1&securityId=B1sQqox82VkGh-X14B2kprC1FSLaOEM7OR6FptIenCsVk1zR7wX63V4xQbptSabE5wDAxJZdIbEdC0Jwh5xywT8iSH3yXDYtJgZaqoz8I5oJcWfbOAtjINESgaqxaqxVJWmO_mwmwIFxlwI~&sessionId=
48,https://www.zhipin.com/job_detail/a467b402a8f30d8503R83tS1EFtR.html?lid=6HwB3BQ0Uuo.search.2&securityId=ZI5L4iFTsx5Kx-Y1nGhSjva7iEr7cEs89-j8-PPJHJfEF4NXFnLEd3dMGz6ouZX5ZT4SjggGomOOKlrX4r2IJ_iSrntYchr_SL5EnS17ald_EWzN1E5uUU7rcxgeTsFth9nI8QYxHj9J1A~~&sessionId=
48,https://www.zhipin.com/job_detail/65317c7ba0f850901HJ70964GFBU.html?lid=6HwB3BQ0Uuo.search.3&securityId=RoALoNVKuynDm-e1PSTSEM2bpuZc9I8CDhEB9KmVZCLNBLWhVt4vCaQrkGdnVmOeLXD2OiKV45z-kXodRpdSAPz6hAk_dHmARD5NEpTcb2IfIuOGGKHcJidFZMapBCquKbOfuUGmFb0U4dY~&sessionId=
48,https://www.zhipin.com/job_detail/c82b4bababdee2461XVz0tm5F1VT.html?lid=6HwB3BQ0Uuo.search.4&securityId=uiuTJHO6-lcM4-51xG6qEjjuRgJ-rA5F0wRp58gg-I7-VG1iypPfXvwAmVy-EsVxwMerLjO7lqpW-ZVtyox_UeL7SOUJLzq2jUWOe-y4GyQBoQouAl_Kz_vle-g6aVRWLkGk0iMnKamFXmw~&sessionId=
48,https://www.zhipin.com/job_detail/7457d9f4b71cb25d03Ry3NW1GVFR.html?lid=6HwB3BQ0Uuo.search.5&securityId=ZK9thPkVOq8cg-P1jNu0vDF4vGGvD9oXca75wO3C8H1sgRGlrSPnnxlUk32iXi7rHmCOlPeO6mdstwwN0WKl_uuoN6uHdj4z0IwE_w6o4diPa4RFGbNkUolWgM06fppT5YJoyAECeuFL&sessionId=
48,https://www.zhipin.com/job_detail/837c7004f3215e5b1nF73964FldU.html?lid=6HwB3BQ0Uuo.search.6&securityId=LaZFmOf4CJ3NW-M1CmNTkSjKsmsTyB0elV0wi-o2km0G2sruqAmgRf6gAStxIpwUxhOEvDSJi5GuzEKlChPj39z87uRPSKuRrEl8dB3t0bJPGmF3_YPNhBvYwyK01X5a0HgGETvmCUc~&sessionId=
48,https://www.zhipin.com/job_detail/03a5bd22cae94c173nFz2t-8Els~.html?lid=6HwB3BQ0Uuo.search.7&securityId=33t5sIoeP215m-o1E2zMwdnXL6s6ik_Gsh1JWJ-bakJvXYVFhjuG0M7G_L5mQOoNQoyg8oWrVmNNkAY1QE1yfU9TMf6B1QAymHKbVuGPCPEL1s7mdtge7ZK1tvCHvnodjxnvdTL2&sessionId=
48,https://www.zhipin.com/job_detail/1106da732f4ead331HF_3Nq_E1ZQ.html?lid=6HwB3BQ0Uuo.search.8&securityId=OQf7H1YEff6gD-l1CoN1DBovdUrfihvAPEC5dWXmUjYNpVn0g4opJgde6PH1tsrP0vKUVCEkq_F3hhuLK37j_4B0iM1lK8xHvDhFqiFyEM7f8MGlRbukHnbRgfSf9ESKhoBxpxDRETuZKYE~&sessionId=
48,https://www.zhipin.com/job_detail/dc99bae665e12ee21XJ529u_FlBQ.html?lid=6HwB3BQ0Uuo.search.9&securityId=TGO2augHHeMkn-s1xUg2FTiH24J0cUQ4MdU6Do0xnL_UcMClcRJmu-L1ogv7sCpkKwQhnGjjtYJb7rr_DMZQef8BbJ6j01pCngIIJYol3SdXPlZs--kBUBRdG6US8DZIgi8p4rhiIS6blWc~&sessionId=
48,https://www.zhipin.com/job_detail/1dc03641c260203a1HJy0t25F1RS.html?lid=6HwB3BQ0Uuo.search.10&securityId=4KL4WvC57n5sh-B1eVIK6rxAPznW5vTslah-VHBmgPV1KtAknNUuLm7E0-Qsf4W2jcEgGHWhEREx-pwpFYAexLPMV2j_dYnhuDJgBkmC8lckU0qWFWDL5HscVTD3KRpg5CE9w0aNqc_5JHY~&sessionId=
48,https://www.zhipin.com/job_detail/b83bc6f925d16ba41XJ-3d61FFBV.html?lid=6HwB3BQ0Uuo.search.11&securityId=1pomcyus-pFgJ-J1-dnZEGdSEyMnAYpH-KPcZek2lbvkM1C0uO4XbXQMwEdTVwqfOiintK9PEWSqeCby8O2E4Dhof-wEWs0Hx_1bS3ecARHjFMrvQ3qpwoBMIianGzWnyVJjaWeqoezngR0~&sessionId=
48,https://www.zhipin.com/job_detail/4b4c8e5c3318d6b41HF939S_FVRX.html?lid=6HwB3BQ0Uuo.search.12&securityId=U8mCs4fqqWSLy-D1vpNB9F1p152VMZzTuNhm749w3owMrOL6m5ok2G1rsumXkMvwGJ-_3PjGojvqaCSdIeuUJVxjX1vbDwkXCVMRWrid1UvvyrXd8BYQCaSwJvK4rMy55Ja-D_N_CkOoEy0~&sessionId=
49,https://www.zhipin.com/job_detail/e1e48678a35b1aaa03R_3tm0F1RS.html?lid=6HwsYTvohpX.search.1&securityId=oqTHMjyGWie6x-c1Csp7Phi5Q5ogj-lych2tNeDy7BxAnmBfplvwFvc-roVEVNkNw35e0zaLLA64hN0xC5kvCW7ODj1Nz_92QM9Q-bgvBMLqhK-QqZU66SYGmjX-FVgCXGREQ5f9ThVI&sessionId=
49,https://www.zhipin.com/job_detail/cdb9572c53fcdfdc1HV_29u0FFJZ.html?lid=6HwsYTvohpX.search.2&securityId=GpbKAMIxbdZB9-T1hCCjO5L56O5x_FtVCcg8dfqdoBBUj9tqQLBji0eAqPvUGdwwnPkkaKiLOuLk6Y50urvseqiwFqHcn37DHTD_5rbgJefQ-DZirb3POOwk9wK2wUsxUdlPvpWwBEOn&sessionId=
49,https://www.zhipin.com/job_detail/1eb11dfe6216b36803R-2Ni5FlNQ.html?lid=6HwsYTvohpX.search.3&securityId=TrbiMi5fyj3rk-i1T9sIbaUKcLCTCA4r20tRRzuGojdOjDOm9IXDzoyRMxgRIpZr-iQG1jTwczn7c8wA8fuxs8pnKPvDhwEG69m_mY8cZyj3gHlBEzqGVAcZSptUaZRzURhhtqy_FFU~&sessionId=
49,https://www.zhipin.com/job_detail/6cf7398be636f82103R93Nq4GFtQ.html?lid=6HwsYTvohpX.search.4&securityId=mjZ8I2SrW9b7o-S1kAsJgjcaoLeDR4rN0RgA_ko1oLtO8_BT9N7qNUAVZ_WgBP882lZR98cmyfNOtItIPDsj4_8nfxl3_J0xPHftAv5G9lNUQpIb17inwM1MdiSa_tgG0uT23bwY021Chw~~&sessionId=
49,https://www.zhipin.com/job_detail/16923f00221b32f703R92N-_FVVS.html?lid=6HwsYTvohpX.search.5&securityId=zTLBxfrwW2iKc-y1aq0QMJbw044qUTcSmKdf0-KcoSwI1LhmvGxgpvTNnv61LrVfZE5geSCGJnHPpagzuvtIaHfcLQd9aFk-oYb8qZtx55R1-QqqqV8nUYf-4GgqA8pwsrF9p_ixQleZUw~~&sessionId=
49,https://www.zhipin.com/job_detail/5d573712eeec51de1H1z2t29FFtY.html?lid=6HwsYTvohpX.search.6&securityId=zOB2pblYDOfWp-v12Tv5YzyjnTtZ88Gk5kUGlOURRxGnqnzTB3VB8HCo_HuUiJYoLRkAIbdFYsLJ0mzhLJPZ66N4jbGPSZyuaqHM0jLwbYgqfXztyiFCIl-dPLt1gZA2sFvPFm-c2Pg~&sessionId=
49,https://www.zhipin.com/job_detail/8a802d67f3bbc36d1Hx_0ti-F1BX.html?lid=6HwsYTvohpX.search.7&securityId=NhQvW70HVBAuO-21t5phwEL5OP1qWBBAQRLduLWM02AhTdMS5lXVgQNYnq3MGGuTT38SlVUMCgEwjR3vDWMr0rkyUhPyZJrIyvVPJm0-MvxEkm1pVAR9gh6LYjwMcyTPgplC-1iU-Uo~&sessionId=
49,https://www.zhipin.com/job_detail/d7e78a75b91ec59203R_0ty_GVJQ.html?lid=6HwsYTvohpX.search.8&securityId=EvdhhcP1inMzf-i1EIfsXDGt6GESQr3EzJX3W_uHSnzeypphuiP8EeXBQxX-gQNPmOYRAzO2KgFc6H8gpFJf94Q57f4cuBmFnwDkE_w0cjhKU5p9ckJOOsmtLxeoOjsKprsMh3EU2xPWhDo~&sessionId=
49,https://www.zhipin.com/job_detail/ab83ce749dd61e2303R53t25FlpQ.html?lid=6HwsYTvohpX.search.9&securityId=_wUgmowUxogMs-c1kPj4byIalLNgzxCCvcL82YZ0ShddjLLAsND1k5rllhdZZo1Krw-lRrNaWoU3TwobinmXZDYEQbQc6mozrRLhVLkSXS2LHaI2UhR5rTOJbM-tcz98LSf1yO0dgg~~&sessionId=
49,https://www.zhipin.com/job_detail/1c424738e1f70c8c03R_3NS1E1ZW.html?lid=6HwsYTvohpX.search.10&securityId=qYn17gJCzC1VZ-F1xVvKvCK9dgVzrDOWKWmk_UTlHT1obyvFBIAFQTmYtrHB2bo3ILx2V1pAj3aBKV-RhvdgrUOoXV0hbxypQ4MFtCEiQZKCwEQiR6-oH0jllA-n0BN3cJOMhovhjFR0&sessionId=
49,https://www.zhipin.com/job_detail/8f0012b11d97d42d1HN83Ny-FlRX.html?lid=6HwsYTvohpX.search.11&securityId=JY41IZ4NOdr4t-T1TpC_kE8Ui4rr4gJjoznylTfqVDMtqpo_41QrdFTvlgs7K3XaldiBTQ4jFOxfG3OQPYw9RcWVsKrS9dEG-NBN8c9-yRSkiE0ycQ7SB8nkxNiklZ8COwTtJkcZ&sessionId=
51,https://www.zhipin.com/job_detail/c7929068c50916d203R-2di1EFZU.html?lid=6HwbHEcu9qF.search.1&securityId=XF1xlgTigHcM2-f1f-PNHlz0JwvHrlPZwznEl9bmnZiOklT1zDYAwXxM2ZtQ2I7tm7c1dl3ZogiBpTzuSS3VYsBmU-MHtcSnA29p2eKKn9MkVah-SxOnUo1ntduqomD9ZtVGqUaM1LBHMQ~~&sessionId=
51,https://www.zhipin.com/job_detail/f1bb223c1360800a03R-0tS6GVtR.html?lid=6HwbHEcu9qF.search.2&securityId=jIa4Ph02Q8Dpx-d1nYLpymvczxMUQxUIvE3itNL_BAL5ko_HNqkR2bXA9x8QHNoCB3hDIF3UcQKaTbuQXFDnVaDvITKU-TYo3S-3d_24eKnO-7rbyk7R_Ldo7tsvag-p5Z3yAJpCQQXh&sessionId=
51,https://www.zhipin.com/job_detail/2c412bc24b20b9171Xd43N65FVBU.html?lid=6HwbHEcu9qF.search.3&securityId=10p8Kfc2Ulfli-k1AkjGekQnN6UPW81vVBOYNpaFExMr8G3fajhFMbrE976E_w5BFQ-MNGj25n_f6ZNZ5jSFG3i1XkI0EbFiS2VMJxaTZ1TEz8jXQ4GGj8N4XGvwNRXt9WDfHBJid3-ZLj7TnxtEDZg462lVR43l2M5fBoG7YNCmCu5l&sessionId=
51,https://www.zhipin.com/job_detail/9c517cc6ba2dcfc003R72dq7FVFZ.html?lid=6HwbHEcu9qF.search.4&securityId=glrMWyQ1K6_1B-_1qujWMoHq2CFIxF9-BbQXxyqtWMU3dOsTg_KXOAAF1eeuwLEPBDWnliw7_VBMOMeBUPR3lY79OYdbwS2KTbRraQ03JemPYaxScky2T1i0z7lVaNLd3bw1LCI2ZxOBI3I~&sessionId=
51,https://www.zhipin.com/job_detail/27514934dd1aee4203R-0t61E1tY.html?lid=6HwbHEcu9qF.search.5&securityId=8DqQ5v2dzkyia-m119oD6kyHD844p0yCPPC_-jYxUsD6cSbffOuZq1_qLMQoPji7fqgoKK1dFyqgS0E_WMcmvUnHe9FahhL1UBG_cfMub5JspukzJlQ4twjGp1D_pwxClImaecT3295s0HM~&sessionId=
51,https://www.zhipin.com/job_detail/697a04f73f9d59c41H153tm0EFBT.html?lid=6HwbHEcu9qF.search.6&securityId=BCvcmASW7luGg-01iRU6BNCy7Qq0t3dEmDfQifzxQWbPyL7VXYi7emQryPzB6pELbD6ZnC0qe88tnCSE2AmVzL3U1uuQty8cVJFdFSQMIFy35poiaeKGD01M_XeM8kI1Gqlmda4Rg37bz_w~&sessionId=
51,https://www.zhipin.com/job_detail/149aaaafa70d85771H153tm9GFpX.html?lid=6HwbHEcu9qF.search.7&securityId=tRpMzHcQ2Gzeb-R1FEvASOQZqIexHk1LlUaJ8nluL1g6uCBGtVmiwZcZOJ13QsVnhHj_F4T_8TWj4r2bYgOOKZHmex1n4vo6GNGRATOMc2ktkQQpcQ_wH9N0KdUJnI4KCA8PAO3TUDum0yQ~&sessionId=
52,https://www.zhipin.com/job_detail/d89471c99e74578803R-29W1EFdU.html?lid=6Hw1MA7qttj.search.1&securityId=5GszwjLxMsEjr-t1q7AJxJlO71w2yF5y-dvmxCdpON04N3DQJEZ-55ptQ697yHrtxoCNwe6d7zgOPv_thmLgUB4gl0hjpRytP4E5eEGfVtKqZ0BMAtx96LBSWiewy6xyVZbMWpGjRhZ9&sessionId=
52,https://www.zhipin.com/job_detail/774f0fd5f4d1753903R-3dW_GFtT.html?lid=6Hw1MA7qttj.search.2&securityId=eXKoFfDVhNwrf-s1b70YxRWJrZIpyOGg3rReapM-HDa94Bo097Axs9hbByRXikiWyKxnDC_cEBr-f5RIbpI5R4yaqV0kBvDuHh_R3H3rJ71JQV53iUwAH5H92CcQNgFaFgLNbF618_giMg~~&sessionId=
52,https://www.zhipin.com/job_detail/8e9d3e05d4544f3e03R8292_F1FT.html?lid=6Hw1MA7qttj.search.3&securityId=H7QmlPOdEIpOX-J1kHkcoH4SaBODlUzVb2Lm6sFTU3HY-uHLgdrKDmGPMSAGebsHWZ1u17j9ZSAFuyP_LUvS2cbzxfvYt8fAHe9FqxjKm5zek2oo05Fs8BKHLqAO4uNlMUeXaU7olR6g&sessionId=
52,https://www.zhipin.com/job_detail/1ed4d8e891ea722f1HB429--F1NQ.html?lid=6Hw1MA7qttj.search.4&securityId=eYaJ892ohbQgJ-Y1cJn3AOLN7iiZ5GO43Z3v-hdrA9JdPNzMLhxs2SMVzqOH04oc6oegp2Z3qWiKFMOJsqb5vGRhL0VXhdrwfYEo9JGcWH_A2r3ZaVJ0uAsUQ36eI7UogpfN5W9N2n9llQ~~&sessionId=
52,https://www.zhipin.com/job_detail/9f407bf1a5b2ed9403Ry3tW_F1NU.html?lid=6Hw1MA7qttj.search.5&securityId=KYoT_dzh0XsL6-n1VkjcnDOxz8O7F5ZoYmVar6qHfS_gfcyr_fLlXLnDjGUXqz5ertowC0ECoTTS5Q74qDfqf3YnPz_Amfpe27s8uXR0dkNvz2RruW5K-27VtCeW9LysJcNSweP9GUDLCw~~&sessionId=
52,https://www.zhipin.com/job_detail/5a0db9f89de2d52803R72dq5FVpT.html?lid=6Hw1MA7qttj.search.6&securityId=6KslfQp5bawKB-M1DhCPC9G4-hUp0jvNwXqq9H84Wa22LcDOW8z17JPF6DRxaf3tLGzhNrSPBgViuiE6VGZ3-CTfg8Xa24wIbuaKyC8xm7H2kfK89lFeiwmjWZh3r1R4VsfdRaJLgYcT&sessionId=
52,https://www.zhipin.com/job_detail/f5ea4ed96bb10d7c03Ry3tm6F1tZ.html?lid=6Hw1MA7qttj.search.7&securityId=4wwUgph1tIar4-T1QqAA4HjneE6MHSslnl1uW9UG5H5pr5_HvTuyQOsnDSlTdniYCPvLCSSUE12n6C2lgvEF4ImSHuKOQoHV2nTd5MEmSvIeSQf7EtDbOsbG04Bn4yDRhPSq5cKJvgou&sessionId=
53,https://www.zhipin.com/job_detail/2e0212c864dfc61d1HJ-2tm4GVNR.html?lid=6HvQhPJJr7l.search.1&securityId=mB6UNT47Fw1vK-S1OQi3GcZnAMqHowwIpsGRa7OlEKrAEBFPz5yoUPIvLDtm2VfG0Xu-2_aSnN-wK8UZR_8yrfv1Rac_qGZ_Cn4rODhUVjtvGRJX66InEcifTvbluF9kyP9McguaQg5RfQ~~&sessionId=
53,https://www.zhipin.com/job_detail/69d997751361866b0nR_3dm_EFE~.html?lid=6HvQhPJJr7l.search.2&securityId=-ySiSRKrbT0X9-i12TtfTdzBSgt0eQ458BsSWJLfjWyaIV25-9bDKkc9lJqcJmJmZ9OSQzv4Pw9AXEJwQiQtvnrzUa_Kabs7oeLnUxUdvXYoFjbBvh5JHlLoxOC9gAm34VkhkKIHiDOf&sessionId=
53,https://www.zhipin.com/job_detail/cd97d69aade50fcf1HJ93tW_EVNY.html?lid=6HvQhPJJr7l.search.3&securityId=6LGfw8WHyt0sd-21RHzvHRmglqwvKeJo-C0jcBPcVS0179gYyD2cFUsU7mRZ8cUQgB_20fXpcl2PSLAcIUnu3-90tMm_cvq1xE11FE2g7r1c6552995cft7zJw3UclrRbop42m8ACesuvw~~&sessionId=
53,https://www.zhipin.com/job_detail/18a537515d151bf41H1_3dm7GVdU.html?lid=6HvQhPJJr7l.search.4&securityId=oyiPViwjaPlPR-i1qqA4B04LcPuo5x6L4U8RNVOl6fbP-KhZLp5Q2xmFoFbl9otXW-ZawVfqFAcw01-456gStRtb3kGGJnM5HvB4fPp88yp4S4c6uPzoqYC8Q4ksqii5Ro_WigT2oihcdA~~&sessionId=
53,https://www.zhipin.com/job_detail/cf0a5d13c012677d1Xd50tW8F1VY.html?lid=6HvQhPJJr7l.search.5&securityId=oVNcM7mKjHFtU-e1xCBvQJosWazIbiMuN7jNDygbJ4dyQXrtHmPPBsZlvRMWmu-cafKw-XGbNFMDRYUs9X2vRJFYLeTp1h-ZIKpmLXB5XRm2Z2NNIo2dXxrzIWQaFGTDy4JaGP6Vy6OM&sessionId=
53,https://www.zhipin.com/job_detail/2a90b5dfda016e6f1Hxy3du4E1VT.html?lid=6HvQhPJJr7l.search.6&securityId=0koLEhdNOJDCF-X1EzPOKxSBhTkYKwLx6068dnV9eXi24P4Gs9MR7nwP2iTvs1wTc72RQcX9udKFcmdAHO2TYyVLyeDhkxODx--5xMQkac20t39yWjpVBDJUTXCpEhDzx7hdhch436e6ww~~&sessionId=
53,https://www.zhipin.com/job_detail/68464a49389ef01c1Hdy3dS1FFpS.html?lid=6HvQhPJJr7l.search.7&securityId=eBgwHJ1eR6KIW-U1mvJRarS6KDXkPasV9ToYtbLyUJRmws9X-pAdqTtbYZB5vbwJG6DUUBjxL5xpXUz1vJ9lhUvmYTeU1mIwXwRku8dDQd8fPv6DcEr4sRipNNd_00m7mdwxrci8iHO1aA~~&sessionId=
53,https://www.zhipin.com/job_detail/068dd8effaa223db03R83dW5GVVY.html?lid=6HvQhPJJr7l.search.8&securityId=pTm9gbBxYFLQl-d1LC0NcPA8iG1QMmsJMZpG-q8ufvVYgTLry8vuhpaSf9693lX2F1-uuUN9psWqwT2ENQe_FRYkXnZMQs5NFte8yQzf1N5pYel8ugX8gKde5G8isrDudNY3FzblqoaiyKg~&sessionId=
53,https://www.zhipin.com/job_detail/bbb38f3e2981e3661HNz2dS-ElRT.html?lid=6HvQhPJJr7l.search.9&securityId=yZ6rRFTYhl1FD-A1Wr8hiwTxa93dfIDG5XZgi1FFj2oQ7mrlfjmyA3uifnXEYL-97Z2vqCAmfS4ns4n3-2EB6tRVu6jjkqTjzvrTy2AdQbve00Lv3DVsvcoy6u-BZnye3wBthqBEULJM2g~~&sessionId=
53,https://www.zhipin.com/job_detail/18a44926379203201nN_3tq_EVFZ.html?lid=6HvQhPJJr7l.search.10&securityId=m5vvBMNk9Aa18-V1msyFAm5L51A4FIUAH_WZZMWu69r3505Q9vEY-FM5im4hQ-hw1wFHpRX7WmA4GGUbEQgPy-bfGeAU2s1TJ7B4ALnca8d4qA27cVjOQb-bEBDtG2n6E5baRQHxWw~~&sessionId=
53,https://www.zhipin.com/job_detail/0586c55632ec2ded1Hd629u6FltS.html?lid=6HvQhPJJr7l.search.11&securityId=FA3B_XhtRaUqL-s1F0vg2f4mloGRwONKTwRBqtbpDMhCGYVZq1sl3M-H3z76osQTDZAvMFCCAULStiw7wt1dh9BgHsfK9ZSj7SedZacqgAwpQF1g7FF98zofBg8OA60LTdzV7SN31uUG5Q~~&sessionId=
53,https://www.zhipin.com/job_detail/8cfa3595a6bca91b03R82t-9EFNR.html?lid=6HvQhPJJr7l.search.12&securityId=vo4TB6kOfdHCL-n1BmMJYIsLej7Fp4Yl0FGfcsdtA2AiOEau6dzGwJy9D479mzogT_9MBpoaufP-9YmSfpMgIv-iFVhd_xVX6_wH84SYIgZaDU4jZGQ-lPlhqE7m-LgU-2KtD-79tymFGOHU0eA-nVcc0xV3ErjE87cJilXdvCC9spTdKg~~&sessionId=
53,https://www.zhipin.com/job_detail/c40e266e66bd73a41HNy39W4E1ZS.html?lid=6HvQhPJJr7l.search.13&securityId=Rl9hdFAdEcyIs-b1Qs4iOryo25eJVBOa6l67bYbA5_ANyjfkKxg8tskPQHLpFl-vgTjswcJKFXq6wiOVKW8Isw-LWKgnlI-Y2LNpflA6mdz-EvQG6jeFQrOjTD41C10pyZkf9z5WZvSa&sessionId=
53,https://www.zhipin.com/job_detail/75ab5ab03eaa1be51HF-3N-4GVJR.html?lid=6HvQhPJJr7l.search.14&securityId=SE0cJaNkaPRWr-Z1T--gEiMr2bCgS7QDDbMbd15ibOkeQoNToJUzC5NDeBjcsLlCReMqI7St8SeJfjzD-Elb9076Y3ra7EZNzynKHVRL1DBRKIeXxlVJaQwPtiGeVKlRclMHs8WYrgM~&sessionId=
53,https://www.zhipin.com/job_detail/1f5d52107a2a01e503Rz39u9GFtR.html?lid=6HvQhPJJr7l.search.15&securityId=yAwnVbgdGWgm9-n1IqrhmPJ_Bst7Bh-M39UTH4wZLHqxspgw8z6OTd0-MiyoW3uxhyNu2bc1ZrRXWFZE3rArJ2F-mzU9i9J8Pmw6yEyNwKtdkdrvgodTjxXCZmGDSJWQo8Li0zFf3pT9Hks~&sessionId=
53,https://www.zhipin.com/job_detail/ecea47cce246b2f21HJ62di7F1dT.html?lid=6HvQhPJJr7l.search.16&securityId=cJ5fZtIGnGQ6_-01BCHIDdYU4DjfFcDhQoGcW-9c806tFTMaaoGE6SmlzIuL_QeqLYq55jo0uxiH40ru-j6Zyc4ScSW-9iZ9868LVdF8jSaAhmSPc9TaIh99ZkPzFaRnHIkNFElapyG4QA~~&sessionId=
53,https://www.zhipin.com/job_detail/b2b6ad4e9f1f42551XV73965F1NS.html?lid=6HvQhPJJr7l.search.17&securityId=cJk1pDG3vvwRS-p19chOBS6eZ13P4TUuvzVTzbro23lcue2UL_Vbgzigw0ZNGQ3mP8T54JFn-acNp5EOiorzQonKUnDMEzPFwXwTqjK72vaajf_LYw5mIw-x6cafhLBWCHTJH-XxRxhl&sessionId=
53,https://www.zhipin.com/job_detail/a70b58d2618d087b03R53d2-E1JR.html?lid=6HvQhPJJr7l.search.18&securityId=aCydZQDKNZlcE-W1wjQrjYnBAyVdr_6ZX-oF7pOFDoAFENqbqsMsc2WAOC-t-MB7h5zhtLjoIeZ8UQN8la-Rb9yBY0JQMkWi7Itxpvj3Q5CKutCaiJuECqrhH3nFpEAG23ycFRlyve9_1l0~&sessionId=
53,https://www.zhipin.com/job_detail/2e68712ff70f8c4003R60t-0F1FU.html?lid=6HvQhPJJr7l.search.19&securityId=oDLEUIj95alv0-81ZxBu1LgQmxawtRM0zpzBdDv7zTqXFAPnpBdYdY6DuthXhZYyKw_CUhvQct3ANE89QIf7XPcwoFRCklxKIK-5PTzE2-ubEaRiie_qRNoE731-wnmgAmtF7sug-ygIZA~~&sessionId=
53,https://www.zhipin.com/job_detail/6b9c84bc1c962f7903Ry3Ni6E1pX.html?lid=6HvQhPJJr7l.search.20&securityId=JEIyGjF05R8p5-m1edJqLRVzpsHFKxmci94rlQF9JqkKcVrNz8CXUqLKAxZ6UPSYmmE0rIGl4C4E3OAmkoAWkHrMbtBJ9Mi5IpztpNA3ubQA6ns9jh1LZZWrKMI72edua_eHTi5bsi5yFsA~&sessionId=
53,https://www.zhipin.com/job_detail/c71c19a68cfd13e103R4392_ElFW.html?lid=6HvQhPJJr7l.search.21&securityId=ljQWcIqxhbQq0-a1ufxO62BUtu2ic8eZNfpUuWnAVhy91dmW0jndCtTNQ28EC-QDdijlh2Duc3pEGJ_ii6voiJ7tmhEp0zGMuPxUUmHh6WOaO9lBsOYwyK5MFdf1EZiWKL2FKcsLgQiQLQQ~&sessionId=
53,https://www.zhipin.com/job_detail/84aac302f82194ba03R_39-5F1tR.html?lid=6HvQhPJJr7l.search.22&securityId=91DhAUQZ_dvnZ-N1CgYO3izLqlGdrSvsemoHOm6Sp1KGxfPMqMF0SAfQ6WjoZtY70kYXbkSgyvO3HUKHC435sFOTLMsiQAIHem6IOQRQNYgQeO6yps0dL1XPdfcZA2KcLO8-FIM~&sessionId=
53,https://www.zhipin.com/job_detail/1032f04fd124a3141HF_29u7EVtX.html?lid=6HvQhPJJr7l.search.23&securityId=Eo7GvEQNKzOUz-v1pFWncygsuymf4JFI2T2aB9_FRvcCjQp6nCcyvOtyMWn8AfyqB00ZFVjmfjYH4hB1NA4RZaajmir1Zg6rV-8XkLl-ceiTJTxoRrgilWUQpSKm5X9pPpbZ_macUy8~&sessionId=
53,https://www.zhipin.com/job_detail/452d1a3276688ac41H150t61EVFX.html?lid=6HvQhPJJr7l.search.24&securityId=1QO6-6hzH9Y0a-d1E3U4eQH3jJRJgXu6nohLQ8XjawCeAxfV9nX_fe0Z5FtKDMurLTf6dNzURCAxEBrVTf3H2Zk8YSTbhW02NpSMls2roPb0k8CXdgq0VaXa5oP-ZylJCv2Vf4lmf8vp&sessionId=
53,https://www.zhipin.com/job_detail/0ac11da0031a54cd1H1609S_ElVS.html?lid=6HvQhPJJr7l.search.25&securityId=3GbizZNqI7NPS-Z1pFS09ZNUn7k_KcMUMl2sOHrjqS35VkRApzYlnaVV3rv_SFT5J6G5qQ47pteXx4t34rDmt-LqAzH459Y8zbTCk2HtmlrVy68MW0yLrI_w7ZgMYFAJIuCYoCHsEswxpw~~&sessionId=
56,https://www.zhipin.com/job_detail/1c732a8a8076137f1Hx42tq8GVRS.html?lid=6HvrNMsjkag.search.1&securityId=jl4V0dtmxNkJ1-01OjAsrVeypHZDITPaBhCTlS42Pl318czIRvrleoPrOZkioxDLq8VbUgOt0yjQUieSTGbMvTfqisPrOvQPcleFuoRPa3_I9HnQ4J4q40n9iqhlTNrnQYqmgNi11K0M&sessionId=
56,https://www.zhipin.com/job_detail/0a60a2d4cc832c4d1HB82Ni6F1pZ.html?lid=6HvrNMsjkag.search.2&securityId=PbF8n6-YaiWYU-V1KdB16GjJ9p0WoiCFW_pLK1ZCmCRKa_CWS4pekJFwidJkjXKaG89QFrPxqtfqqW4dCDqGLViDOHUDrfiKlUW6469n-DQ3EeKWxH5qjzXr8xTRgxG3BCTo&sessionId=
56,https://www.zhipin.com/job_detail/08228a96e7488faa03R829m9FlpT.html?lid=6HvrNMsjkag.search.3&securityId=IeYDtPSIcgalu-21horuvuFkvE-1Ptv54U4tSJROXi9JeXGqbhL9W-YOHrKgdVORPNRv-b0U4DXJely4RBBTbNiiKq7kdZCMivQjkTYYagvSH4vVE-DdfPYl3vmysg5qOTxYD1n-_f3NgQ~~&sessionId=
56,https://www.zhipin.com/job_detail/a66877573343f87c1HJ639y6FVJS.html?lid=6HvrNMsjkag.search.4&securityId=LTJdneMVq8Hej-91Ok6UgRU5cJf3ke2yJOimvO1I7sMdbFYIvs8P9xjETgabU4Ra8TuWwZfFOB7EAiY_-xsGMkdgjrjh_fAFTP7VN46UMt4JhyESvjPVxDwgiocfDewS66A-0Isj70TL&sessionId=
56,https://www.zhipin.com/job_detail/328b68fae6a3535c03R-29-_ElRS.html?lid=6HvrNMsjkag.search.5&securityId=hcE9yXXgQgIa8-e1X9-Ox3qU_t8ufz3FPR4wiFpKQABwyKrHaatxR4dcKTz4RJaoh32w4bAvev-y4utI-tY1w6EgfZSOyrGBwQ1eldJcvM11XlRqfD-M3ts57gXUMCvZGMA147dskydsPw~~&sessionId=
56,https://www.zhipin.com/job_detail/8f17e2a35511a25703R-3tW-E1ZY.html?lid=6HvrNMsjkag.search.6&securityId=v4cGUZTzKJvr7-I11x097EbmiLhTGHhkrC00QySHpIo2S7lZSD7-9qm9mp6l7WIRhTzuvyCoRTtFIHFqczVo_paK_U5Cq-jcBMF7pB7ulVnPMP_-tf-2jX_IP7QN59txsYHjqYu1uyZthA~~&sessionId=
56,https://www.zhipin.com/job_detail/fa8a56254fb2ba9a1HN-3di7EVdW.html?lid=6HvrNMsjkag.search.7&securityId=aUpKse5gWnwZe-T1vDGTsPsZ2r2PfLAkDIgx5H6_aJqO-WSyDVsRKWtDE5WFh5fYw7LhfK4zoMIEZqe6zZnRUEJUIAIajVoqXk4y3f29A8zxQ1f_pVPvGCWPvDQg5Bzr3ezKB9dXLCK2&sessionId=
56,https://www.zhipin.com/job_detail/953455282d0e448f1Xx-29m8GFtW.html?lid=6HvrNMsjkag.search.8&securityId=-3oMScaoTG0zN-F1bxRi0pr0giY8X4Cpus7Ir1etENttrKZx8pwZl5mJLzQgXMAw3M-XV0stYxeofg5e706M-E4ITDaSq5JkWVuj8HIBMZ2VkfjiqjWMBhnVYGuds7yNFI9l3GX8LRQsLQ~~&sessionId=
56,https://www.zhipin.com/job_detail/617d66fdd2d62fc503R-2tu1FVtZ.html?lid=6HvrNMsjkag.search.9&securityId=dEaRjyB1iWzJK-91jh6e4MjUi0ctQ2wh7VUUumhh7l6fUqDN5KFvj6FG0qXWdo4MGBh1SadgW5mpX9qMog9CqNFNYHKqRX9gSPQ691bUOXP83HopPAFiBsYvbuuXFl7Me4O3SbZTpP2P&sessionId=
56,https://www.zhipin.com/job_detail/d9eb254ad5609cc903R63Nu4F1ZT.html?lid=6HvrNMsjkag.search.10&securityId=K4206LGMsMG13-K1mB4vlHsGxd4l9d5Cw4OFPWxlzlMaou6y9ewo_Ky1ZBfKNhUBjafKN7a2gscUu5Dqp_7SDlw3GMKk0kc8HYrvgdNA3MoLhIGb94BTMO8U4AlJusz-UtBBZCneNW9alxo~&sessionId=
56,https://www.zhipin.com/job_detail/edf80cf9a57b64ba1HN72NW8GVBS.html?lid=6HvrNMsjkag.search.11&securityId=x9JeIdcGNtF9--v1BjOrVwl3sC6Q_jgOj9QF8PtUekgv6RElkvPMPmwrE7Yg1qgPbpvNWkeuEZ2MfcJYpAfPXe8EHDPAT2Z-1lfvpSYjxpoU7xZbYtvcahFRzSJuykreAZWssQ77c50MacI~&sessionId=
56,https://www.zhipin.com/job_detail/ef54204d92f4398d1H1-2d69GVJR.html?lid=6HvrNMsjkag.search.12&securityId=Un-b9KDvp4bgV-g1zi2stlP5Q5_15_RfdDRCjCWF48lLpIoS6PcIlaqPYlVRERKfA1RgSq4E4fQXdwfZ7UGJaqXN5tim8Y5NNkSTohAoj8gCUvel9T0zw01DK8bBacZu-Wdr7WWM9B_-4Jk~&sessionId=
56,https://www.zhipin.com/job_detail/f911bded5e762a101HF939-9FFBQ.html?lid=6HvrNMsjkag.search.13&securityId=IHvDvMVyiHwtw-F1sKzMUiORJCs6Kczdc9OfaT5FSKeMU_eMZnPPhwC77fqS8RPD_EQEP_nFUhkkD64oQfvb4SEt1esj-v6BhyIVRKAkYWTy2dnYfUA37aKWUv4OQjBpFhNWYbt-9oPD_Q~~&sessionId=
56,https://www.zhipin.com/job_detail/acb08714f093e1491Xx-2Nu1EVdS.html?lid=6HvrNMsjkag.search.14&securityId=oQk6VuaklDzyw-K1MH2IBuOL0ESUETg-hCXVx7bh2crkqBUM2TOF9eJGO-cBVq981zUTM0t5kgxvk3v-2ttFFu6UtTzpNoLU0G7LqPKXchchhYqptzc-CnGmLCZjzFoJ5RVfdF2YtwtR2-8~&sessionId=
56,https://www.zhipin.com/job_detail/bd9af9ac8f8a496b1HV92tm7EFNU.html?lid=6HvrNMsjkag.search.15&securityId=Mkox3HVdItACo-N1bo4w8SqLR7IYpGsidjd3P6lFHeKhEpIstlEkDSbH86qxpJdOI0pGYy9bQjNz16bBM_FUFMPS37koA_WmXWyhZ-AjYaz_H4j5pnKqa1Kdna3mSnDC78qZmhenRRWg9g~~&sessionId=
56,https://www.zhipin.com/job_detail/17cc555348b2801b1HF639W7FFFV.html?lid=6HvrNMsjkag.search.16&securityId=dQYVkd0vKPmux-316GxplkRZSKcb1zJpC1JeYnAbzrvHkuJUVKCxbVev7WE7dHdN7GL7it4fDNZIf1-G5bqeoK7ueLlergAJm5Exifj65fG8laZ3W1KE_K3eghf-sYh2EBbDLwUfbXl5cg~~&sessionId=
56,https://www.zhipin.com/job_detail/69bff58796cbfb351HNy2tq_GVZQ.html?lid=6HvrNMsjkag.search.17&securityId=l6bwk23AQqNmb-p1chsP-bw4Gt-K_Tj25CZjBUNAAD22Ov6eCnqWR5i9Ds-sXhub6zPUa1sjZA_q4mNlYpZPM6SuKe20kO3rpJfTbeuiCqmFt8GwkqvqzXJfT4JF5r5hpTpbw9-PKkcG&sessionId=
56,https://www.zhipin.com/job_detail/5009e8cb4a6460de03R60tS9GFpY.html?lid=6HvrNMsjkag.search.18&securityId=k3h4vgZJW4782-91VZEeMJ9lkmFm8FY84Ft1zDB3XP7bDBTGUOG1ZGuNhGOC8HrxwLr3XN_TtQYJe0IZOXVwIxQar1FRa0BOzdqFBvC7eUxhEcIdNCHqixAP43AVgzEencyU1u9QP2_4QtA~&sessionId=
56,https://www.zhipin.com/job_detail/207c0d7b372bebc91H180tm8GFBZ.html?lid=6HvrNMsjkag.search.19&securityId=QbuHXsGX4VfKS-x1qvJU54BGUCY83yniUhxTy6ke2OXehs5QCv0Na8B2vg76KsYcEVWHwFeMv5KTgOztEJTOSERVvSKvzXYUIKyFCtQ67ORcEWx4nlLNH-_Ftqi9nwMa38IkzcOKBDkklQ~~&sessionId=
56,https://www.zhipin.com/job_detail/1167fadf0d1254391X1709i5GVBQ.html?lid=6HvrNMsjkag.search.20&securityId=GglPpajT_7ivM-K1OtXCoF_H8b_HfclEH9r9pJUzOWa_MA4YUNrllwYqMxcniaf6sOLORZfqquWRkxNHvq5drtbGv8OQ_ZkUfTeOuEJv0MEy07ckRya7g3tjbsfKB6GvOPCk7AtNHsb3&sessionId=
56,https://www.zhipin.com/job_detail/831328bee82ffab21H1z29m5EVJZ.html?lid=6HvrNMsjkag.search.21&securityId=-wJxyqBLmRC6A-21T8lF2TJAnENIpZyJMHtorlRlU61hFIf3F98mEleH3tnfKtT5JgPJVb5gkmX7-7RGGE259jYQ34l9PLg94mnnYr7epDvTzzcZUDMBuOIFVqSLK5YOAQFUI6Qc2h7w&sessionId=
56,https://www.zhipin.com/job_detail/ce5b38b34096320f03R42d66GFdR.html?lid=6HvrNMsjkag.search.22&securityId=HtV4dmJ66Cxyx-l1d2x3UP3rlijjRq666OH8XAj-y5xcxFZqIkV7xsScELQMPI2Tcba2a4iEfkxEa7w1MYM7HivtqwGiFbxIKGtyE32QyHaTt7oLz_Sili76198E2jCT1bnE_BZnia89&sessionId=
56,https://www.zhipin.com/job_detail/e2f698818e1accf31H1z3tq7GVJR.html?lid=6HvrNMsjkag.search.23&securityId=UAkVB7VAXLvCX-G1WUOO0nhw_sEnBXTzzF_Rt4wCRQvlG80S0igDTkC6VuMvz-NRw0RZy5YEwW3EwcdLdDgeSwi7nxIfqbiaVEjZ5872KFnnPCXpkJNM_60SGtrf2VCzkI8F7A_TnfSfc8E~&sessionId=
56,https://www.zhipin.com/job_detail/f86fa593cd7f30e71HJy2tm8FFtZ.html?lid=6HvrNMsjkag.search.24&securityId=u3x8i7LQXmjX1-V19oAJ4fjiV4NOIiPapiFbeW2BS8zy9noTiUgku7odzVMr1UaBpmyEpU9Y-kmX_nnVO0XO0YkIwMsFhD_30Ai1fqoWUDtS1IUeniJmEIvmxWhIllol8S8aHi_FlW5J7ew~&sessionId=
56,https://www.zhipin.com/job_detail/07e4e89366afdca01HN62dS-E1FZ.html?lid=6HvrNMsjkag.search.25&securityId=49aQlBtUix-PA-a14Ka1i6PVbu-ppEJEqD_Z5tBs8PD3c4FbyZB15KIOerl_s-bpSfYeV_iPCKMfKST-7O0xpJxiCbJ0wOYJK4L-O77TBmouTZmH8FhqIze2ubyxkQv_rfOaKhMFW7w~&sessionId=
56,https://www.zhipin.com/job_detail/ff448f44186144591HJ929q_EVNZ.html?lid=6HvrNMsjkag.search.26&securityId=G9hJd6JFZa-ot-i1UFPiU4JZQs4oN_Ti5p-QJ6Ty6HYf4uyUOKxKr_jQDjfZrRHheQo24ZxDQi728d784Ou9_G002rtQmjewu7p1jWtHD7D_hRM8FeyV-fuT1NrUix0QPT3qApfy3_iSLg~~&sessionId=
56,https://www.zhipin.com/job_detail/16b9712ed273fb5a1HB43d21E1BR.html?lid=6HvrNMsjkag.search.27&securityId=Pioh0LUlj0oj5-71ql_OLNBZ2F-blf9bObsT9ZthzqtyCOlt11NRHcuAl9mET7A2M1bFSdZAcYlziab779_XZMWPCmlZfUASihHcdbcjlK-eZj_sed1R8VbXlzaofqwaIlwlUjwHt-hwPXw~&sessionId=
56,https://www.zhipin.com/job_detail/75d744a90a9e7ae11HN-0ti_F1VV.html?lid=6HvrNMsjkag.search.28&securityId=kqtDi3grBDWU9-01AGgCv9R4Lj8SQgF1iUOFmsEYv9TEdpEOcc_u0z1MmVyXC8hFacDWWfpRrEiJELgxOfIQXMd11U5xKkUGRJhQOzR78M9fr2JVv0FQtEvwhaXaSeNyIwbuCWk18duAZA~~&sessionId=
56,https://www.zhipin.com/job_detail/7ae6309afd6009681H143Nu_ElZZ.html?lid=6HvrNMsjkag.search.29&securityId=f17Fn66g2BevN-41-9xU2Uc93sTlHPUSFEEAw1l4k-ezkO0RBgmyKfb-VTVYjS3xWKpeBBJscYoghEUIOnC7aIezDJh_zyxQ2kT80iqkvux32azygL8eGe-tTgIoSCvdGlBTadTxDWb_&sessionId=
56,https://www.zhipin.com/job_detail/0d5bdddf6334ebb203R82960FFJX.html?lid=6HvrNMsjkag.search.30&securityId=Svg5xpB6B9mR0-S19nS8UpgNt3YqneZWw-CNcFcGAnytGqB2yLZIjKD7-Av9PWMt9qFRo_hr5OM21NM-7efHqtVPbu6d8q4f609qzpXqZkVkDgV-c0_96fxFPeWRsVkGwJMP-Ej1jIorDg~~&sessionId=
59,https://www.zhipin.com/job_detail/eb5248dc03af13da1Hd_3Nq5EFtR.html?lid=6HuWVhd1hQo.search.1&securityId=IaH1-WDt7EdBS-G1Sqk_PlBbsIyEMayG68a3RubfaT6AaGUZ-V4Fxv2_or8qQuDt2omh1n0tCwl252V6jsE0x3V1QS-2FWHW8Ad_o-Djc8znmvv9PTzowYtGhTdthAyB-GLpk-YYnTo~&sessionId=
59,https://www.zhipin.com/job_detail/041adc7cd4a556f303R50tW7GVJW.html?lid=6HuWVhd1hQo.search.2&securityId=i4hQ9KhzPizTy-51MsYgB17l6VStplW-fHDOIVuRI6mQMLZ58ph8VLrfs7NCdnq0RWTKLSoip5hGSmKlCuCN6UXChXgPb_UUSC7hep5wkN7hPv__1PKUf3C1a4m_aVf7a5IoOf38zjc8&sessionId=
59,https://www.zhipin.com/job_detail/c7952adcacb96d7003Rz3tq9F1tW.html?lid=6HuWVhd1hQo.search.3&securityId=YCBnErvFZEbOt-t10TwXsWDmnasaOSr2wqGYiQWNKT1vCvM1qKsBFCpZm7FxWyR4pOKDY6Chf5KnYIne6t4vyA7wfBtUFxflGRA2rlfD32-DzZupHPyMUxFNPZdtGVJVzu-4SQ~~&sessionId=
59,https://www.zhipin.com/job_detail/3c909fd8ad06e43903Ry2dy6FFRT.html?lid=6HuWVhd1hQo.search.4&securityId=LoOF0biWfrqBg-i1VTbk5PhNlPGaKxwQmjWp9xjH2qSTTh6dU1gEYL8dqt3YFCBh-FORatQ3TuHQCCVlwWNIQPMntb-zN88bl6kLo_DkUC1bVY0Gin5HR-Gyuk_CYrk9u4x4JED0CFMxmN4FtEmxnfWUQYw9HonsgCLe5n9DIyXl4Pk~&sessionId=
59,https://www.zhipin.com/job_detail/563864520ef5ce7203R72Ny1EVdZ.html?lid=6HuWVhd1hQo.search.5&securityId=CxlmlH4NmJflQ-J1W7v9xErosppAv7mz_Sd9YGwUblWztPfD5ejajgd0fH3MTAGi3Ref1IGlCp4G1sq9m9xvyAHinMU8JjIJf73AqbItt5YxHj4COwWnQ_uJMiFnQjT8KAipT_lRqCoLkUY~&sessionId=
59,https://www.zhipin.com/job_detail/b30e421494c5af2c1HB429m7EldR.html?lid=6HuWVhd1hQo.search.6&securityId=ToAqsKBJvIC8O-X1I2zLedwYgIWWypkhmMG23Ls9SUm9yCw6dXoadp8Rk1Jx2FiF6txB8a-Is9FvMpiSWa-r1kwxsvaPQhs_3ua1DIJEO_DT5yPoTuyuqQ9QfiSkFrd3u-d8WyCKAoBnfg~~&sessionId=
59,https://www.zhipin.com/job_detail/7350ed697c51cbe81H1929m5E1pU.html?lid=6HuWVhd1hQo.search.7&securityId=_49Zq8IpoUQlj-V1MisaooOxGGF9WXPI4gTnJzU7rMeGdatVGZzCly5SHPNlCVhEbraLSQsl8_nDd-ms3EfHLx8J7uyaFpdNfP4cHSUXL8eG--HGKTtDl4TWJwfD6j9Gtp8U1_Uw88VzNw~~&sessionId=
59,https://www.zhipin.com/job_detail/59ed6d7ee0acf5cf03R93960FFJZ.html?lid=6HuWVhd1hQo.search.8&securityId=OogMWKvyIRg5S-z1PC16DWKAcSRzMX6WLsIbShJAQ3J2KPj68OKUyT3NAEGxKibAaWKVAbd2lLTk8Dxzf1yAYsYbryOae5kDQIudEq0zv_lHhEOw9Dv3XydlrLvYDR17y8nGuh-hZbRM&sessionId=
59,https://www.zhipin.com/job_detail/788809f6a3d68f7d1H183N-8E1ZU.html?lid=6HuWVhd1hQo.search.9&securityId=0fUDgYF8QYZnI-g16qX9PiXta353AEGzL4PImAsM0wDmBzgknaM5MI-K7bUvdF3Ii1umFpAv3V6sYvw1S9G0oFo4KNS6VGhnD0nem6Kx7yXGL4zyLeydy1w_FxC0U6hco-akd1dxlFVfnng~&sessionId=
59,https://www.zhipin.com/job_detail/1ab7b37b8687dc1d03Ry3Nm7FFBY.html?lid=6HuWVhd1hQo.search.10&securityId=qosy9WlZzfHCV-X1E82EHf6xmsisiCYIMwJS-7lH4OPXxFw5llvHZfU2INeI3cHgPk3Ra_EoSi36GfClxU9KukxAwVSpRw-8K8w0QjNqvsycFjcMbKJO36DOfNarhbXr0dF2i1eSMNZj&sessionId=
59,https://www.zhipin.com/job_detail/eb69e3f4d8d9ee851HJ-09q6E1JT.html?lid=6HuWVhd1hQo.search.11&securityId=a7OImol3H3FRE-q1oG6UvMKvJ3g-I38SLsnDxPfhwBUGHXmyRBrHUv9xUpfYkBjSmdfSI6KRk9TTIN277j7dtSx1MrkZ3-LStN3IMMos0fGFTCJGi9sPffjEtB48BLAetn0zjdl3c_wA&sessionId=
59,https://www.zhipin.com/job_detail/e0fac374c6d1ec1f03R_2t61EFZS.html?lid=6HuWVhd1hQo.search.12&securityId=AteTAPtNExAgt-c1a1LFW7eAgnRimZF3G8jz4Y4q64hHUyM_6qSJNIl4LlvTjpN4uLhNdMuAYMe4dQ_pkfkZgmFLjQUG3pl7kePA7To6tmYN7cbTBZLlX2dNY-gG5M5WjG_0MancTS9zeA~~&sessionId=
59,https://www.zhipin.com/job_detail/acea73c97e3bbafb03R42t25F1FY.html?lid=6HuWVhd1hQo.search.13&securityId=Pk8iPX0hp2okE-u1fa15sj1oheNs7pFTD-sSGphDTSGMPieJI9zLXjuW83q5bTYy24mtX3wdkW7UNH0HZ8INmRypcLAbU57YQv7gnDtPf6LLktLeA0z4x52UpKavye6OFWJNcJSmStE~&sessionId=
59,https://www.zhipin.com/job_detail/ab2e4798acf8ec1d03R92Ny0FFZW.html?lid=6HuWVhd1hQo.search.14&securityId=uCM6c1wLQr6ak-t1vAC-oMdHWYd9pz3uvYGHB73T46pQSIgle5yNOOl4fsW18EEfBccbEyG02XM5SBMsrW46tDWggFr3DoOY8vpym-t8drw71vjDHqewlpc-j1Qa3IgefcjnG3jMCcPS9A~~&sessionId=
59,https://www.zhipin.com/job_detail/ac40d9e6f545c0bc1Hxy2tu4ElJQ.html?lid=6HuWVhd1hQo.search.15&securityId=i7FD8objP6M6L-C1tt6KL1349eCVABdtmobDUaGhihWL7R7MBrhwqGY0fq8RrxJp6AGrKlbPVnmD680xZVxkjo8TOxCUAiulNOasSmBw6IRqKc-aIyutC7K_UG9qViUvNbhN15NDTQCaZA~~&sessionId=
59,https://www.zhipin.com/job_detail/30428df0b3acef7403R92t64ElBQ.html?lid=6HuWVhd1hQo.search.16&securityId=FZzT3J8k7qfgz-L1zLeUXI8fGK9eBsuoQmV_UqlhQX0ukzFyOXvg6PDZ1BvjkEBfbqwzuL3Sq1D45Prt1SZgnfhNKVWDDLRFImE-t-O02s-8AmswUEAIy3CfHAq2l_aFMQ1ycIUMjtpS_XQ~&sessionId=
59,https://www.zhipin.com/job_detail/bc1a06e6e9c2eb0c1H163Ny6GFJW.html?lid=6HuWVhd1hQo.search.17&securityId=PpojpXxh5iPBY-r1jlNIHUfrYtpa623z6fUuhlwYx7iGZfiLQJ699Y6xJQI5UqOcOfm0SVQOiK6CsDi6WcQbGJiWZM7_MUtYPUiG4WTK2y6l4InN2bswoG_ksmbD9Ed1Xj--krojfZcW&sessionId=
59,https://www.zhipin.com/job_detail/5a02a1de4acb1b781H182927FVFR.html?lid=6HuWVhd1hQo.search.18&securityId=SKGQApfq-a0yO-51yVKRHMXL5hyhBIPrAVjs1R2HC39fob360jMZJg1OOlbOotK-KSzkpRvXy9b8cT3CoKisjLd4AwGKdGrKg1B7QUH2qp7n-ojyfFqcc4Z5mrPUFYeRfnE3VQ~~&sessionId=
59,https://www.zhipin.com/job_detail/65df8c857cccbd001HN92tm9E1dX.html?lid=6HuWVhd1hQo.search.19&securityId=C5lfwx9T9kxVb-v1BoeFEnDkk3IypaUQJXBvMv1SqyPF7Q7UQlm6Z17v5E1BesuxUl_6C31dyf22H6l8a6jc3SebABS4ZDfNwyA0gKJSynQC9GWCGCYr_lbd8K7q7kRywX3WUbvk6SE~&sessionId=
59,https://www.zhipin.com/job_detail/b3b7f100b19a28551HN_3d6_ElVV.html?lid=6HuWVhd1hQo.search.20&securityId=Ls_Osm9gFxI1Y-z1Zh3fIosC7e_3doe16Ucou8pdjs3njqJc2_Rlki9wAIBoHbWtsRjlo5RpQcAIR_hwW4_snIohXvHhajWjmd5OQVFMJXMvJWwHjgT4GlJw0KNGCdyUUD00Z5QLMvlH2w~~&sessionId=
59,https://www.zhipin.com/job_detail/a12105691ac617ee03Ry2t25ElNT.html?lid=6HuWVhd1hQo.search.21&securityId=STLedH43WPGfd-D1NN3xKPS6AFkka9T8LOhVSEg_YkX-P9VWMd7W2kGNdBugfxl2vMc86rHSJzNq1feSj9KbFp0zJ6bgfvAiAjSCxNzr1-hiYiX72QFVOuF1qe4FtqQVKI1GKw~~&sessionId=
60,https://www.zhipin.com/job_detail/91a1b6edd722f1d703R62du1FlNW.html?lid=6HuNBEkl8cd.search.1&securityId=hrTkAAeJe4LYe-a1h1EFPC5lWv7whbmV5Dh7BjN5n_TLqYJX37uWVKPOt3zwNzt97CwIllec54uthIQsMab4lRF41T6rgGNU6oefdpqak9a9yKh4158kehOi3d1DHiaw6CWs7a8L6aM~&sessionId=
60,https://www.zhipin.com/job_detail/ba89d6f948bbee1603R929S9F1NT.html?lid=6HuNBEkl8cd.search.2&securityId=fRIt2Cz1Gfgye-k1JVmOUjvqdmco0o78rIgTnEMw_kc1Y996DJwEdOr186f0pUqQXbw_ypKAap6Wi6sgs_eozqyj-a0Cldo4E4GSJ8rpFIkpNRpEe1yN2ijtS9sBsDl_P923EurJEqk~&sessionId=
60,https://www.zhipin.com/job_detail/58e8588987b6478b03R939i-GVpV.html?lid=6HuNBEkl8cd.search.3&securityId=JmSpRxQtEkYql-u1BUcgZ2NUJPK9rSWgrRzENhRYL_6qGKnCUSSXMrL5W9d5vF5Lcb9cOaQC_sTajpHVcBexSozjqtxR5HNa_dxtrQSC3iEP400RR3wQSSA8Xg9n3NGokDYUMcs_-UcW0w~~&sessionId=
60,https://www.zhipin.com/job_detail/70da6053f83ce35a1X1839W_F1RV.html?lid=6HuNBEkl8cd.search.4&securityId=wHUMa42BP6y3y-B1xkW4G40fgWLokB3BHa-Nh4NqJ_oIa2pSsTbQtqIU25aWqFhgrVISgLRUZeDscorLr_s59VxVJFVq-v8gXxNsYrxfqLjQBk8h62KGSO9LNF_WLS9KFXtbBr2RPvQdow8IDKNVXofIUMy2Algcge1iJTeyMX2Kbw~~&sessionId=
60,https://www.zhipin.com/job_detail/10b2598e2167f1b003R90tW0FFdZ.html?lid=6HuNBEkl8cd.search.5&securityId=Daf34kXB6PA72-m1OFd4ZRh7jXQgHY7hXDGRqtsVmFAs04Plr5Fd5_XkzFJg_yXPTu8UILUwOJndF0WOEZe36TrwWxf6kLYrK0nQXfzRukDG_VD-oCJUY9UUBnNs_OJDA2tuNhgTjusBK0I~&sessionId=
60,https://www.zhipin.com/job_detail/532801ff5f5f949303Ry3tS7GFRX.html?lid=6HuNBEkl8cd.search.6&securityId=JrIJhoTLQDvit-j1UxYTBBJbslhg0ezNA3bs8hIrGfwKfYxftoRl-zA9anEuHMMqLPOCf9iJgWe2w2hs11_-eqI80-1c0R-q7yO95p8mfHmgMOv_NdA6kwiGOvPWU__Eh5IE8Tf92ox1&sessionId=
60,https://www.zhipin.com/job_detail/6bd1137158fec9ba1H1y0926EVtY.html?lid=6HuNBEkl8cd.search.7&securityId=-iAzTaKnIFvZM-E1B_lXBf4CkWeV8HU3uF1dzvjiMS_ds52OwKnbLSyOstPXz8GMxOa6tSVYOKy2THTdE5UQ5uxIvkWGp9WrokzeswhMukT7yWD0o8yWQ0Fp1ix36wSG8V9QQEzFQWGx&sessionId=
60,https://www.zhipin.com/job_detail/d14d1ca2c9a700d003R82tm8FlVQ.html?lid=6HuNBEkl8cd.search.8&securityId=fMHPS9xEldc31-I1u5eVWKOCrW-Xe1z2ej2ZlrOQ_3oX90esc5SlAxmxouKCLZrG7lmz6o79buINpiEfjMOYQ_uHhn7VTryP6QxbF22ytIUv3dTmL1W_weGdd0NmwoLXZArfqnQ7nXo~&sessionId=
60,https://www.zhipin.com/job_detail/0168c97c032697321HR62t-1EFtW.html?lid=6HuNBEkl8cd.search.9&securityId=Z1sXc7_WBvyBf-917JnDrd4tA3wy3Pbn0H4cDF0rf1WGL-scmDGIOzUTAiQXvrSO297HX2goAeHs2FUc4PzEhsGyCubWkl1v0w7VfJKWPAehkyWdNejyNxJ9s4_S5cgO8M0edaCoAZwp28o~&sessionId=
60,https://www.zhipin.com/job_detail/6de17dd9c3bc67d103R92t6-GFNX.html?lid=6HuNBEkl8cd.search.10&securityId=Atp0kmYZ-7Dd5-X1tZ4ofQRODAysZn5YS3xVkGJzwoClu68PiZLrHHhRzQgsyTe_Bm0yf8VUTJh9ODfhZQRHIrvrQ8ckCh_zTCMEsPH0qGbBfxqnAk53wtQOFsfuDovXK7sLZm6Whk2a&sessionId=
60,https://www.zhipin.com/job_detail/8fa76fe65c391db11Hxy0tm9GVdW.html?lid=6HuNBEkl8cd.search.11&securityId=G7GaJgCR-mceZ-r1d5BKWWDOa1mqt6OVW64WFnPNSBFyeQGoOQSXfYUs1_KvmjW2iayDZAQEazHqddH6xkhKZPGJtyuilhqoshn1UhiUI79MQNe1iIMkb6Kn0JKQN6ZA-qh0aHyv4Ikj&sessionId=
60,https://www.zhipin.com/job_detail/da54284b47fb458203R93dW1EFZW.html?lid=6HuNBEkl8cd.search.12&securityId=brpsXYZku3t5T-P1KnBiqvDd0yslIDg1Q9Am16hQ2_90eeFZZWW2QQzj7vi0Hr_pDX4vLvoGdOg36NVqFjISnJsJisTIXb1-H2bGE3UbbuSHPCXslsLkbcRIO8aBKE0btrGCpgorQkWG3g~~&sessionId=
60,https://www.zhipin.com/job_detail/20d8b2d4f3d0891c03R-2tW0FVNY.html?lid=6HuNBEkl8cd.search.13&securityId=lug1YOQoHwaXr-S1ICAolQ7lkqWQ2kPQvYhQ8WaFR6yDUDqDrS-J5XVuyEv5MQ78gwAKUjmqy_XHiCfJM6KYJ3qvrb-ZprEZoM21lT4jhPCyn9wUETQZKW_SuCqKaBoAaJnTHCwFAyNg&sessionId=
60,https://www.zhipin.com/job_detail/4935cc79943531331XB409y_E1BX.html?lid=6HuNBEkl8cd.search.14&securityId=s90e8ULYH5yNM-Z1B2E9NRR_N3MnDICKmzBb0Prt6AMmHPtp0X6o1ZhSzJRSf57Nkn93cdUWi2bz0-Mp92Rc7_KaFCwsJeDZGDIfr0f5hEqeNxnScatftwDtdcQKhZyY-_v8VnE51GlCvA~~&sessionId=
60,https://www.zhipin.com/job_detail/e3253d7a74a186b503R909S9ElVU.html?lid=6HuNBEkl8cd.search.15&securityId=VUt91VbRHfXde-R1icAlJCaH08_eMbKhb-YepygMzayMsjZzktI_tucg9vvcxsCQ5sqBexqaaMAfBJ2fDF2Q46zQDHKxZcbLpsq2EtThz8tut3nbt0aioLEX2sa9e8G-rzo88E9outOspA~~&sessionId=
68,https://www.zhipin.com/job_detail/e1c5a96c43b25b391XF82dm_F1RV.html?lid=6HtzlqtzFg6.search.1&securityId=xwKEgnGd2a8ut-q12p-piwBiToQ_14E4Q7ibpnNQ03blaaZMEWKQkbJ9XJkqevI4puS9TSWDEck1YxiGhizrhBzSCnwljmlG1tqPuQaRXUcTORV7VSxnLwreyZ_t7z5cJlTwaq_-WPJpWI4~&sessionId=
68,https://www.zhipin.com/job_detail/6f64ae7db9c74f9a03R_2d-9EVtV.html?lid=6HtzlqtzFg6.search.2&securityId=kNq5JU6Vv0RJb-B1MCRQ_ZT1Ramq1awFpECSw-s7XLRuSGlEELq-s8nhp1IjmNhypqX5fkfHq3EgcXq50gl_GlCC7CMd3Hdbk12EchgnkeLXkvp8nC0YgpKldGMmacfxnj8_FLqt7Y02&sessionId=
68,https://www.zhipin.com/job_detail/a961bcce427417d91HRz29i0E1dZ.html?lid=6HtzlqtzFg6.search.3&securityId=FniIbmMiYVT71-51edQFyWL9KrjVGHnwrBu9vd4kYDehAN3-K6OQqJmGpKsG_P2ViYCRDkoc0RsAcRUm4JkRh_VtpcBZzWWW5W5fzhEZWaSr8XhCx4JXEyGNiFKyGrFzQo1uxnN5W7tzlRk~&sessionId=
72,https://www.zhipin.com/job_detail/0cefe9cb952ee3591H180tq_GFdZ.html?lid=6HsUytBogV0.search.1&securityId=4mrxBKaUbpDFL-41LiySs9ZPenWSfdiktPb532F6INAIamoFtj4P5AzXuMT8NRB_d9QXuy17hkAK0nxfbj8EMjXIgQALVYswY8AU_03AGZRoR9bMqDOiTMzDPcTFVDA4pkMVJFMqqmXboA~~&sessionId=
72,https://www.zhipin.com/job_detail/6b5c446219a360241XNy0tu0FFJW.html?lid=6HsUytBogV0.search.2&securityId=oF5pyfHJfYCQA-D1gKPITp96hODb9iQD_X6d42TwmrqwHkUoznGMdrLg001gCEh6zfLVmr5Gn9MSO3jD_AiqAWDii3FtWNzzS4ZQuyPvRvtZIso_vzTHXu9-FU-Ii0jJQImiOsKO_edWrWI~&sessionId=
72,https://www.zhipin.com/job_detail/8cac09db60164e0a03R-3ty0FlNZ.html?lid=6HsUytBogV0.search.3&securityId=rnvgFpzS8tlh7-B1Qn9hondtrcZXBcBZuILimQMcLbcsGFIRVYp2fknJS7ggyWq4rHTpo6HxZIkrDkGVdFD0qKqQvZoBY-KDXQtlb5gpZjMvpDJM_gUSGqFcD-DEh3OcksUqEoCVJkuuiA~~&sessionId=
72,https://www.zhipin.com/job_detail/da7a6c7ed809345c1HV83t26EVNR.html?lid=6HsUytBogV0.search.4&securityId=aBwzGInO5H4rq-S1uWM69JTX8ZQokmsg1a10BB-RzuV6vlLm28QbiJo04cDSxB2jFEKVqnLmXuKOoG3joBb0XTd7aMDbB3kKbWJADab3mUajSbuoB_WfaOzPHFSIi5vd0JndzL7tszlDQi8~&sessionId=
72,https://www.zhipin.com/job_detail/97190d156850be5a1Hdz09W4GFBT.html?lid=6HsUytBogV0.search.5&securityId=ksdFXertbepg2-C1ZO1QX6ul1xZoJJ-gtH9vKbNhr44dF_1POZS4pP8DEoBzUemD9ArkcC0BA5QjW-XqKfa6XuVXWco1RGHrFkGk2Qkt-9mmLjGeym8v7Gp2jj53KfC2TydLODhp85259AzvjLba6qSTAW7yx-TjhfAu6NZmHghLldqRMw~~&sessionId=
72,https://www.zhipin.com/job_detail/fc9bca42ff961e8703R90t-4ElZR.html?lid=6HsUytBogV0.search.6&securityId=YjTgK9gYAcrDr-D1AAnh4mx6-zj7MTfql0y-ftKtWVAkj6E_YYrv9QN_ktAdXNtDUyRCVQsDM9z-R7w_3oqjCg1rfemejN_Brk2iFFsqIs4g0KDDL_KCRwYMFV8dtVQpMuNirT0bls8oPw~~&sessionId=
72,https://www.zhipin.com/job_detail/e999578b1c8a91841HN-3NS6F1VU.html?lid=6HsUytBogV0.search.7&securityId=MKQ2ITnDFpRbI-c1fNdTGPCboECG1BNH56V_yMyDC7l13UnpCQPsAkvg64OgNwq8PSjvMKRyNDMGMHkFz5n9kProw52c_5zOnIqr8qqs8I8O-8J4iUDeznuXzfdYm2s6r97sG9_x78CewA~~&sessionId=
72,https://www.zhipin.com/job_detail/7a07fb9c84a58b3703R-39i5EVNX.html?lid=6HsUytBogV0.search.8&securityId=uv7GXTYaDto8m-51yyrugcFRQuZKvFusdcz-iKqn4FtSgtzO-sCtITPgG61VTWakdy2GT0mxHvbQZ71akX-4TgHmRvInlT6BCBt-EXUvsfXucUDjsMgNMFXBB_sEMn0VUXSU8Op7XtHvQg~~&sessionId=
72,https://www.zhipin.com/job_detail/912c46e0c6cadb8d03R92967EFZV.html?lid=6HsUytBogV0.search.9&securityId=IwGKFVu9IU2oq-B1R-9bafddcCzruqfRbGHUAjatb5u-B2UvoBBKppKew1mY3MxwXKv43D9uGGb5Vp9u7koQAuo8AK65-w47ybzojabhdX2wGQFGUxwm6VrxTdvEAhsGN5EWY5Bczn1o&sessionId=
72,https://www.zhipin.com/job_detail/91cb764b52c6d2851H143d--FVBU.html?lid=6HsUytBogV0.search.10&securityId=XwwFBkQKiIg83-k1MMZS-fVlJrLhrvK1thrZx-ia1EEMgNj297lIhPLbbgOB1WoEsQQyp1liDqBs9edlrwyw-TyzQf8HNPlze0AgdLln7GcBQD8wbMZ6gMhjbuogAOi-WtDeZfoPSuiOeBU~&sessionId=
72,https://www.zhipin.com/job_detail/f399c234f5e2b3ba03Ry392-GFBT.html?lid=6HsUytBogV0.search.11&securityId=bkH1FYoMvegyF-q1kTnHPMrO1KagnMBd7TzOI40t5_A6aOht0rh7Vrc0Dba0BB0NyrliNJuAu2PQSNGbjhm4-fYO4abf9q5cuEiUMTB2HfLUjJtfkulksWMx3artOeD11CIx5tX8pkHAgA~~&sessionId=
72,https://www.zhipin.com/job_detail/36c275d4f994e0481HJ-2Nu-ElZS.html?lid=6HsUytBogV0.search.12&securityId=DuIcZeI7G0YkD--1JD4O0YSOHe4FUF4loX_RhlaQxSlVTEyx8KFh1S7X94TPLXg0ZtoyULxnKh-1FsnqDpJoLONy4v4UA6WWOWZ046sQEvAy9_LGLkLBXHOhTcfyNucZB4f0A4c~&sessionId=
72,https://www.zhipin.com/job_detail/12c9d94b4d5569ff03Ry2tu4EVtR.html?lid=6HsUytBogV0.search.13&securityId=rmKmZuP7xwf4D-y1zjfbshZwoqExVbD62pBDOxNJtXX37A1QpQ07L8j1nztDdphuL2OW7Zi6Z22TkBGcdSnrrn3i9KCXIg4UbuLsqPQbS99LkUBSeFDZDYvRlmJMcoopFKLf2Zz-_8kKF5U~&sessionId=
72,https://www.zhipin.com/job_detail/0a821e136c1086821HF_3920F1FR.html?lid=6HsUytBogV0.search.14&securityId=rZFT0a88PP86t-_16ULpsFVo4pV-Bv4BhYoQMU6jNay1UJZttOEq5ia18fDWu4DzMxLM45vYoBNVkpl14BBbSu1FHWcHgqYVW0LEuBlv2vbDWyvLwi_rZCMi7rSWoCNE5frMgRLjh4NQo1A~&sessionId=
72,https://www.zhipin.com/job_detail/3deb986b1766b2341X153t28FFtX.html?lid=6HsUytBogV0.search.15&securityId=c755sFX3nZWho-f18t8Cow1uO1zjy3r5o0e-64NoextV3bEx72IEpM4CxwK9gIGH9jE8dVtG6KvAUFcWFxd9s0OdJlp12BJ7Fd0S49mQf6AUTYT9-G0LFZRSZul5J4qieIa7YDKlswMY&sessionId=
72,https://www.zhipin.com/job_detail/81f5ae52bf4d62b51HVy3Nq4EVdT.html?lid=6HsUytBogV0.search.16&securityId=Co_wDnIJASVb4-K1eu_l_MTCgaZURBG_gyBgCoeZkXlZkMJfvUCOhTq1RGCTVuV7rj1UhoP8mfz-KDDys9fzsuB6dh0PGv3nQeK-hvACPLbdeYYjfPKiif_TJfjCdWCTc599VMcqYCa2kRg~&sessionId=
72,https://www.zhipin.com/job_detail/16a3ed790250644503R809S0FVpR.html?lid=6HsUytBogV0.search.17&securityId=Ao8jxwkOv2_W7-b1sxkoU4D6KziA2nb7teAgPFuXCt0BrzDTrI71CmTAEnxSeFQE9paDofYutjLSJtkI_MzFo9vRbwjZ3LazdwbPwF4BIn3volW5ugUM-nv7YerudMn09SOFNqVBwzBlAg~~&sessionId=
72,https://www.zhipin.com/job_detail/a8a64e60769660b71nZ93NW5E1ZY.html?lid=6HsUytBogV0.search.18&securityId=PJFfYk3gyXDnL-01dqWa2rWbf_OQ2UeNOScCLaHDFyGfsClDm0K4edqIxMWfqiYSBco3T0rJo9fUNCpvsRRznNMVZ2JdlS5eV3jrhEoS0kTkajZj3oT4fYiYpGDeByQnLoLtL6XZBMJK&sessionId=
72,https://www.zhipin.com/job_detail/8d8fcab91580035b1H172dq0FFpQ.html?lid=6HsUytBogV0.search.19&securityId=2lKbSMEfbiraO-B1MYoBJLQ7CtBsTT1rMHW3fvhHzxgf25JKA8W61ITJUt8_1udiaQpT080qd91YrOLllGsRlh4X8iKH2oNxNBzylThlCeQ4hZHjTsupwKE00qy5EDjFre92SnQWNQ7bKWXnyRBUVT5pZGwHZn8iUWVIdyqtb3S_zYXE3g~~&sessionId=
72,https://www.zhipin.com/job_detail/9c1a6711201a41381Hxz2du_E1NY.html?lid=6HsUytBogV0.search.20&securityId=niUpbwDydyuW0-61O8fqKXIEoV_S3m0d2lWu_-glv7c5RCA6tcG156PmLEvbpJbXgo-4NFRfxbp7PH6Kbbo6uUQ9-HQZcqfMA0ENKl0KCw_bdeY9ePccx1rmw3tdXQ3_C5vLGrWM5Bs_1g~~&sessionId=
72,https://www.zhipin.com/job_detail/35003d062edc37291HB73d68FlZS.html?lid=6HsUytBogV0.search.21&securityId=FhrFEFkeuGRzd-C1Js2qbHBfs915-gZpHsyyLaXbyJ7mlxjF3E4DVK6Ma1VcALBA6tLj0FTueq6CeNiSnOcAZlisv12csaQQ--MDL4b0V_ZS26jc5BF_lp4x238p6NcbgPd9_lnibHr8O5WCKTyVMIVu9tTRDKxLy_w0t2DUSUt3_sRLlg~~&sessionId=
72,https://www.zhipin.com/job_detail/a746a248f325c9251HJy29q1EFNW.html?lid=6HsUytBogV0.search.22&securityId=hv_zXqh1YHHCP-p1ACCiShUy6vrua0IdOG5N3dfT0q4dvbLzJqOmrC15OJLk1Ybn0rFE_WuPfRD0EZnTMzbF3hnUdhhtcuOcOksFyHTLsULzbWuHrtUtUfcrvtRlb9v2xtsoeF_s&sessionId=
72,https://www.zhipin.com/job_detail/fb483674b9f8e76a1XZy3N6_GVFU.html?lid=6HsUytBogV0.search.23&securityId=BbpkTu7oVXS4A-w1-kJFO97tMOQmC1IRG2RiL84GAFJ8itj9cw__5HFfmFa48IqqiQzvb6cdP985FeSnghmgdKcm3lWwKyIwiJ9Mg29RM-EkJc2p0M5GfkMT1bta8Xyx4u0v52_oZx2mFls~&sessionId=
72,https://www.zhipin.com/job_detail/99b3bfca0f2e88ec03Rz3dy-FVBW.html?lid=6HsUytBogV0.search.24&securityId=r1eCzNWI9sXof-T1kU49XtqQz4-bklOVxRSgmubPw-o4VOB1uZ92wiG3AZOjnrjRHRBjoLx9k4Ku0DSkzLr6eymOHlz4AOrWBR2diYn4lTzfUeJW3-ao7h6_A6gajxmug51v0fNZ5jo~&sessionId=
72,https://www.zhipin.com/job_detail/f4819fbe995b90ea03R83N24FFRW.html?lid=6HsUytBogV0.search.25&securityId=1104gbtcskTsr-P1oygO8Tdp8grxo51bXgTA8mYvszV50apzPCe9o4XUcf59IL_BXgzE7M0wx36DESUpm-csHEQsXrxoU2XqQaUT0-W13xUI2TM_IGxDwp1kxtUVlKzysD-rOk-kZuG2-g~~&sessionId=
72,https://www.zhipin.com/job_detail/26bea7b393cca1e31HB92Ny7EFpU.html?lid=6HsUytBogV0.search.26&securityId=g1DTC1Bu0I97i-l1QUpUvbghVEI0SDfyNo9sCMCLT4-4ESHXy2186_vI1wmqTdsemGKc_b5Pwj0NhKVEFHfyBhkA-Ub7GjxYOb85I2rjVHeeX5X9KFghuayStgGzV3dAxzAQKdfZluESOg~~&sessionId=
72,https://www.zhipin.com/job_detail/f3859c96a63920c41HB_3dq9GFBT.html?lid=6HsUytBogV0.search.27&securityId=f9WKd76HCm4sU-E1husu-zKy_0j2JMoRIJ8VfzA0CYyBh2MuqDaIFcVWwpVvzXUknzVMRGdmCkhoS0aKacLBWiqqYQTXmHt3P89shU7dReDSxfdz6afps6y6JMni8EON14HBbsOX6knjMkZMi6NdjHzfZHajwBTdklr4JE3lJaFS&sessionId=
72,https://www.zhipin.com/job_detail/f9165db5be4c8e0b1Xxy0t-_FlRR.html?lid=6HsUytBogV0.search.28&securityId=UiKYzyibR2B3t-M1nAbN3dyKm4YDkdpUvTnNUCQ-MipeKlOsRoOrudCYZqBbrmO5_OKTghvShnVWuT__YPOkqAhHvt5QSjzy1bIJx77pZLdk3b0YV2-zOX6WG9G1rmhixVZ7B1CPHmFLmBU~&sessionId=
72,https://www.zhipin.com/job_detail/e43912e5c05e591d1Hd63ti6F1BU.html?lid=6HsUytBogV0.search.29&securityId=QRbPNzs5GhLYV-h1LpJGBH_qDLSe-NH1CtoEBze0zS8YZ6bScdsVzlpFXUJJuikezn75y4_yoOCpK1Y14-fi4M8udo0RC-p63k0c-yAm-g0uvIUGCm30cSSSu6oZVtPxD5UWGo9SstGvsg~~&sessionId=
72,https://www.zhipin.com/job_detail/e2659b45c85505ae1HJ709q4F1VX.html?lid=6HsUytBogV0.search.30&securityId=9lk77HmNuKPds-n1GSLZ5n9gopw2HBPnZLpeSEDWzQuO1H8Z30deYNH624xcY0HLYXitxc5Xhi4MkUju51usJAXqvpm6ervgtsJyJDPB5WDJoe_imgRxjSdOguHAi7oamS2rIHEOgwGG&sessionId=
73,https://www.zhipin.com/job_detail/7b0d5349048767db03R63dm8FVFS.html?lid=6HsLOGK3cc8.search.1&securityId=3XewebXk0IhtX-t1stE3BrteNnCryVrKUvTQmvsNEjr8vd9Tuj3MHWMEVIkV2YSOlDoZWFjUTVIs4-rZA8EzxhPJu_-HYFxRF8QAEw1k6dVDY91iGcXnvXvciXh-ghAjQ3Ic_2ElFEg~&sessionId=
73,https://www.zhipin.com/job_detail/31427043002e71df1HB42d--EFtR.html?lid=6HsLOGK3cc8.search.2&securityId=vE30BP9aGZBbn-W1UACFusnZRYz8dTjGA3G3OaodMcbpi6wul_RE9HNu5EmLAfMVmgxGgrGQ8QK9jLjb0RENpCM7cuHi9zX6ge_gllNbhLw09LwcdKB8iX4t8uuejARj75QPqBWcJOSMZcL5bzW2MpvqUUerootnp5X5C4IMyFpP&sessionId=
73,https://www.zhipin.com/job_detail/2e0afbd59f48059903R82tW4GFtU.html?lid=6HsLOGK3cc8.search.3&securityId=FRw1iLxbnmsWC-11ZQ3eRXFUem2-kB8S45T-sGFX7Vbef2h8_1qaOCfN9sOLJ5e-PefZP2UyWXBKXRNABJx8tM89lW5bwuOQKbO3mYV2xxWEhH7kE4iwmy9c6AFP6HEotuKdJJPEhQRqAw~~&sessionId=
73,https://www.zhipin.com/job_detail/304e8de07111076d1HB-392-EVJR.html?lid=6HsLOGK3cc8.search.4&securityId=gE5pG9DhG7oNY-X1NyqgB6ebDhB2xjrdC5Yv3h9JYVr-t9YsUDBDXUHwbx4-J58ZDqP05ujd6VFF7vAH0wiuPGT5nk1eSBglfckdzomkEY4YU3kOsZ2twRZfXdIPvTJ252LlawbJo7Nf&sessionId=
73,https://www.zhipin.com/job_detail/ad662bf1021194b303R439m6F1dR.html?lid=6HsLOGK3cc8.search.5&securityId=R9sKLF8pe3TlK-c1Ow1iDGLSVT6RxlZ4sOhVLoLYXjJoeCOwjppG_xXDDI1lYf6rLP2RxxURcMucTFvcn05GAYep2s_2bU5LOKzbxDk2-LhU_8Vlw7EqGHsJn1bTfSv93VNWUnpvJ5MajoM~&sessionId=
73,https://www.zhipin.com/job_detail/5777405821fd6f621HN709-6EVdU.html?lid=6HsLOGK3cc8.search.6&securityId=jN5THospdrpCC-x13sguifZj_ITgaBJ3f8wkPJAqUg1HggWei0MYyLlgR3Kmzu6vYbMmRvMfYgqieuStifrpn6jfn2B5pivNgP7xiQihw_ORFpaMgeA6PdGBLwb70pbOC1TAvkss7Is~&sessionId=
73,https://www.zhipin.com/job_detail/db732eaab9f645ef1Hx929q6GVRZ.html?lid=6HsLOGK3cc8.search.7&securityId=5HStcCCVj0JMH-41QUwSdM-LfyFcbTdpaAL5gZ-xoVohijBzMSDfJFNjw_yCPtqqTvbDZQS-hC9o-EHh0KMezczDQTHUiEm3TQfYOKoFN1T_VtzMgMBb5UdryUceAtk5HJ3bA7L1&sessionId=
73,https://www.zhipin.com/job_detail/9ced8af5c477884103R43967FlpU.html?lid=6HsLOGK3cc8.search.8&securityId=kVuawVPWOw57z-G1zmxcHDR8Y5rogSpVC5ruaSVO_rLDnL9RPs_95VJ1l5wthisSenqpZnrf-AeF3IIrY9ecsrxtQUp_pMdDxSdavOB5v11qQ-k6KX5i2-RtJgxVf2WYaGhdskFaUtbwx5U~&sessionId=
73,https://www.zhipin.com/job_detail/dadbc1faca4d099003Ry3Ni1E1RX.html?lid=6HsLOGK3cc8.search.9&securityId=83gUNhIk3VKsL-Q1-qijVKlyrXC5pSDimbYdU-nZvSfQbQyjdenxk3HBi9P06MVxwekQuLJXo44hn3G-P1eoXvPvHrL_NCNlEH6R8uEai4gdmBLsfF6nOZqLzMtLv4cOOJ-y77YoQ_yR&sessionId=
73,https://www.zhipin.com/job_detail/1442b7b965c9bf2d1Hd_0t64EldS.html?lid=6HsLOGK3cc8.search.10&securityId=-ZGD7R6dzILby--1lFgP0iSWM94YY5LNRQbML13P697KK7FWN-BWRIPyPX72uWSVmEuWmMEUeG68SeZwvSR4Mes8efXsObc-0-DcJvv30oSabWS79wa6M8ZIzjRwOKCVmsLiVcG3xi9n&sessionId=
73,https://www.zhipin.com/job_detail/1d226155c08e393803R-3du6F1dS.html?lid=6HsLOGK3cc8.search.11&securityId=LsubLU5eYE3vK-x1m-woyg5TYMeJV8g3YAppjVcmtr05xiNO3xgZj0Dlv1su5d6p5ZwOmwP_du8TP4xm-EenTF3m5ot0X6_lJWV0mlrG3fOCklYHhDAvwbtBZcCaNts4m3nG0J4Ma5VAGuY~&sessionId=
73,https://www.zhipin.com/job_detail/5c184bbf968c7d421HB53N-9FVVQ.html?lid=6HsLOGK3cc8.search.12&securityId=eGuPuvHoPBpI6-y1oSrBmkVBaguW4g0Xm1ArdFvpGnR-A3pFOP218iHVkftwX4tU72X-tlWh-5Ao0AaEt6P8QJNXOam4NGB6BJSoe71_0StY_zsng6CmXNlCGVZn4OMxGG_VPPVTMRUboQ~~&sessionId=
73,https://www.zhipin.com/job_detail/f01f8ae81008334c1H1y2d-_E1RS.html?lid=6HsLOGK3cc8.search.13&securityId=2JDnGpsKxcs93-S16IDijU4HDEY-5aRPMZgM3lQIrARR9oTKL4zQpBwofHymfxIEopXm38gzIAxWEctPXmdTOdgXgZN6oR3EgwllwUooWsNYhJjDCBOmnlfwI_pBVt5rIHG1_C1Zh5_RLA~~&sessionId=
73,https://www.zhipin.com/job_detail/dd1ea6dc0f800a131XV-39q4E1VU.html?lid=6HsLOGK3cc8.search.14&securityId=WYokZ3acWG4xB-81d6664c_ds3T6Qen0IebbJ3WgxSTEMf4DNh6HhpSLWlbWa9T6tokMw6yRZnEmgXMRPF9ntbrKBpqvGM8U3NnYVE0PHzd1LbKpt9m-TtTiP7kvp_4SsYTE6inhZiFPMQ~~&sessionId=
73,https://www.zhipin.com/job_detail/e50997bf75e404521XB-39S7FVZX.html?lid=6HsLOGK3cc8.search.15&securityId=_6ce5AZ21t3Tj--1dpZ5gJEei0ZQX4X7FYh5YMM4RIYs8AydmW9tF8Ineno6qIJBLhS1n5T5wzxx0AS8OhhGjJ_LzqUGJbV2qD2kEthxAuhZjYZAOkJbvuBDJTtysybbTVmpPoHpzLB2&sessionId=
73,https://www.zhipin.com/job_detail/13408c442522aa331XJ52Ni8E1FT.html?lid=6HsLOGK3cc8.search.16&securityId=FTHRHiLCG2t3g-71m6QkFeFz_FBnezopaKSTE4jAxmIQJ7r9LGbVK9Ekyc-jFFV-Pli-yD5bLDYu-CSIvKCwAdpjkaU0xBFHI0wHEvx3L1Bk1lGoKvxCkL1ZrbU9wRyPSlNMOFudc-oelQ~~&sessionId=
73,https://www.zhipin.com/job_detail/f3a0a876662524271XJ-09u0GFNS.html?lid=6HsLOGK3cc8.search.17&securityId=Rl3dBGoyd5sWD-c1T21QlLTetpDr_6YT1luHwWckxTlJ-AE2BJqrC2xfL0oDm9iBke7q-RodcS-W7NDTpHYvEVKz8QMAkppDg38DtJcr7vossfnxk07ntC6iSjvUvCWZPfU0W7j34wz7&sessionId=
73,https://www.zhipin.com/job_detail/a2e0ac49991a31f61Hdy3t61GFRW.html?lid=6HsLOGK3cc8.search.18&securityId=22J4-gT8eS1T--f1S7yNp7BUZRhsGyIjf_Xjlo30JHlKyKVQTMsBSiW_eoeEJrw_PpVZG0Y2aDz0P6en2Ixlu2D6CpNcHHAda0QRWS6-EfJ3ptzDQ-c-Wba-VOPd7yJIBg2Lm5xtdrmO_w~~&sessionId=
73,https://www.zhipin.com/job_detail/6b0102c89bf233091HN93Nq1E1JY.html?lid=6HsLOGK3cc8.search.19&securityId=Z7HHRNHwJ7-eq-F15-YKUBrjuUJkgSPyriPMjRUnMGqNL7H3xPQvqACvag-vK8VbeekILqKZSA659kAlib1bwkI7yd9XjCUtNWuwKi5AlQc5xAcEls5snRQX-A7SBw6wWm6H7hyfkD376A~~&sessionId=
73,https://www.zhipin.com/job_detail/9b9bde58b7305ed21XN62dy8E1BW.html?lid=6HsLOGK3cc8.search.20&securityId=46mn9hEH_Z79Y-y1pLl2tHkx69Y0nLETNL1qBkeMsw-rclJkGCCU3zVD-s0dyr1EC8TEdkalgxaWQDPQ9vmOhoexGSoD7-eOiIIoa-j-ofQka_APVYnnJXpt4C9G4uSnJSABCW1RHFMS&sessionId=
73,https://www.zhipin.com/job_detail/e369026b01bdb0711Hx809-_F1VS.html?lid=6HsLOGK3cc8.search.21&securityId=i5syl2snZM9v3-s1DhhNELorNwIM3G1FoGnBfC0CxrYETxGtu-jL29IuUbf4MMKnm-rthQIQ6R0vt6fWVD1BrFY7bnFP3rRTCEJiXuaatrHP0_fKvY9Jd09Im9MX-n13MIjT-F5BzUw~&sessionId=
73,https://www.zhipin.com/job_detail/e3b5af90637156a71H1539S4EFZX.html?lid=6HsLOGK3cc8.search.22&securityId=lFvHPOxkSWZET-M1BII6W36fzd3NVKjy8SfFochgpOTismjPCSrG-TP2W9AkVzqupD-qxZKJwGPqTmrGWR7MO1MQa0svZwgV4ZJ6S9RICFed-ICLMS-0mba2zVNkjSkVi3f6pH_nkYlA&sessionId=
73,https://www.zhipin.com/job_detail/1dddd39b31d80bfa1HF_29m4EFtS.html?lid=6HsLOGK3cc8.search.23&securityId=shHwPp4tU15z0-21IT1AqsrMKehyXpEyLtzgzCWTIMjKaC2Jbd7nKodVj4qRdi8XF2UPP4Lo8AyJvfkAi42RAaJBpVAttzJ05fn1_5Kk5ziJx8WoMKj_NKYuFw3JODNfp04v8uSqqdHEpw~~&sessionId=
73,https://www.zhipin.com/job_detail/276553d86a0c55481H192967FVJQ.html?lid=6HsLOGK3cc8.search.24&securityId=T9OI60MxdWsV7-a1ljx-h4zEQ7cMn_BlJD0oGd4GjLM1Wi78_r9LSPzSviJ5u-ysD-x87jsYuE4jTv76m8pxtuFD66pqxMe0LLhyWNSrImMVy-581uJshFY4If7pbLoHasZax-nm_1rU&sessionId=
73,https://www.zhipin.com/job_detail/ac980e6ea8cca6731HJ-29u6GVdU.html?lid=6HsLOGK3cc8.search.25&securityId=vw0BfAiIRZULs-t1UJnU_2b822opEYGC-11LBRLwyY8tVGUa1Bb1LegVvM_J4emSdOuSziBrDOe2Nid-xKzAY5mHe8PR5g2b3IvpqVhlYmZ50xAB-Xe4zIiAeMiPmX8cArms-bigN10~&sessionId=
73,https://www.zhipin.com/job_detail/b62e3ae27257a4ab03R43dq-ElBV.html?lid=6HsLOGK3cc8.search.26&securityId=jQSGg3V4rPHZR--1ehXTAxMR-L3i_I7X70DE7Vh4HwWOptd97G55lgOaBtdnsUZBMUIu4vxFmPyKwNRQ7WQvITwY87wEBjBHH7VHTu1XbWnzG2nUSOgSL3BME7NXdyqzp3TGZaI~&sessionId=
73,https://www.zhipin.com/job_detail/774b8796a52697641H170tu7EldQ.html?lid=6HsLOGK3cc8.search.27&securityId=i9GY-1nxO1Mi3-d1tCfLclAfp_owrZ4JrhhExUn6rVahdYFUVDexe_K6yu2PdAolvTdnutZF4sudlJ7wC665tsEkMrpku0FYNLmtMT5vsgBPQA5QcGcBBSbDrpRUQzA2vcg9iAVM8aGe&sessionId=
73,https://www.zhipin.com/job_detail/61078d7fdff2c2723nJ839m0GFY~.html?lid=6HsLOGK3cc8.search.28&securityId=F5fQuyCZ4vqVo-U1aVX5OE3KyuignzVDXqU3uYsv28-lU6d1s_FzHLPtH3rxVsGJGHyNQaFC-9GV8XewG5DOTQhxt4sCg1hvRXg7vT_SZq-pTc2bOOoRE8FfQAzq0fhb7ifNlkLPgs4~&sessionId=
73,https://www.zhipin.com/job_detail/1d0dbd3c578073481Xx-2t-7EFRY.html?lid=6HsLOGK3cc8.search.29&securityId=1RST7if1AS5x5-H1EJ6rea1vnqed2pDj-buhariiS9x_lkPAgTCrmMehB_zxWTuyOoONrAplsiq7dG1_qllohZlcTnfOjfGaBnuP_fCjmcKPENAgdLO2yRnI5VxUdX6pmFYvC7FMK9D1FA~~&sessionId=
73,https://www.zhipin.com/job_detail/fa20aa69a41fe23c1HR52tS_FlVQ.html?lid=6HsLOGK3cc8.search.30&securityId=bXSubJ9KTG1yy-F1r1IISY7Rg1fr5d1KtB9jyggmI8CGJ-terv7BsUCr3p7zA1w35C10h2saJRvzKuOl0Zk4MB8KoKBg26eTy7lBf6qII8gP9NiAUTjHYVklVySbPOAT5kTcOoh-GdH6fg~~&sessionId=
76,https://www.zhipin.com/job_detail/91d9827ea8f8f65c1H163961F1ZQ.html?lid=6HscCcAfAbX.search.1&securityId=cvyxGGmEIH66M-b1KzRs8tudj4kxTYqws5nFren5a3Ncl3DBj9NwQENe8R2KLV5BI_aIWStqEW_8QhQbjBKMCtqNz2bY3d9vadxlTqOKi_7wD6K-0ekMElA98KZZrnD0TdAHu7Z9dHYpdLc~&sessionId=
76,https://www.zhipin.com/job_detail/0db02361a0f44e311H1_09q0FFdQ.html?lid=6HscCcAfAbX.search.2&securityId=YjnntP8fWH-Pq--14vGyEqmAkaoCbZVk-t6e3xDLdFwsecRB5RGr8l-4o0Kbg5okDUsCYOvC6seogKWDXKH6RQg4G4DwiQgbq01Z1bkvbZhHU1rPiv9uZ-1PheKjugFA_3C6z0llGXsBp9cRcWO2qL2RB0viiuL2LTt31olCFJIm-6RmqA~~&sessionId=
76,https://www.zhipin.com/job_detail/f1d52864a2c745101XR739y4FlJT.html?lid=6HscCcAfAbX.search.3&securityId=sBgw9QtRWJVv2-x1Ln7Ry0oz3e4NTLLUvONuTQkwdrNJmFkRchcGe6pnv5bdnvoabVBgk4jVgIwIRgqdQSViagucWeEL2GUT6xowNt-0INSLqofL5QqSDTfUHiKZakwtcAPtk11H0jHS&sessionId=
76,https://www.zhipin.com/job_detail/fa3bd8a37cc447c103R62N-5FlJS.html?lid=6HscCcAfAbX.search.4&securityId=yg0dmB_CsV6bE-o1wfV8MlR6RMX50QeHRVfDc6ofSDZl27F6H1pipW_0Fbdvx-m3ukpQo2rr7xsYinA05SS7OQ4gpZjTiNmqe3OPMRuGRxJo6b0TIeQPCUU4O43u9ZmP6Z9svQd8XjKX&sessionId=
76,https://www.zhipin.com/job_detail/244c382783915f8c03R-39i1EFVW.html?lid=6HscCcAfAbX.search.5&securityId=fJiuKg3r9C2TF-k1cmlxCiapZC_ZaW7OxY0utPuPg7ASrRt5flW0qZHKK0mMpfPrTRAGIBveZHuk2Yyy8PipypADPSoBaXTJ2EsVCkAc6ZMU7neL3-jFRLbzj0HtJT3t3Au63g1l49Ux&sessionId=
76,https://www.zhipin.com/job_detail/800b5d6c1bae87901HVz0t6_E1NV.html?lid=6HscCcAfAbX.search.6&securityId=_q1ecnRLUCjyy-b1S13gGJzMxMQ4n4ZkqDJfBhG0DM3VSJ-EiPvldak8SmCY9v0HS0SGVzNvqf3gGneyifVA32cBa7dXdE5m_Pc-_Kb8Ax3IE-jzklatja3xwZHIVP7F69bHob2_b1305A~~&sessionId=
76,https://www.zhipin.com/job_detail/da379c7bd3b422a61nV42NW0GVpX.html?lid=6HscCcAfAbX.search.7&securityId=SzHJiwurU4Lgw-w1dWu5LchgQN0NADPpk8T8j2LnCeNipCnsydP2ZkFvTtlAfMbNytEDQYIhTl4JknFCzHFVOtdpkDl_OdOlPEtkUvBkJ8e4Z5_4zd1o3f-7cxu3FT9Or8XQjUdgL2Ej&sessionId=
76,https://www.zhipin.com/job_detail/608fec7ae4245cc61Hxy0tW1EVRU.html?lid=6HscCcAfAbX.search.8&securityId=KVYjJ6NcIk26s-L1jNUzfvaRVLu5INVDoWNnMM2PqMCS1ikUfBlT_9mwCaKgIsVj532rAgn-_0GDkTVwf-KuPoGfLYPL1zzv1rOCOzOhYyd1pNY5CQ0p_OYsL3KZo6eh0c7Ehqw8Tx12&sessionId=
76,https://www.zhipin.com/job_detail/372338bb44ad14f41H1y3dS_GFdT.html?lid=6HscCcAfAbX.search.9&securityId=TeeH7TL4XiiD9-q1qFwi8j1imEv5YcxPdEuc2HWZALZHY-pAFnwFrVlR2eiGJNEDQmngDzcgNbmQFDIReoe6IIQVR9BVfdYeQc9dinS6MzMe7AmpVbB3mAqM-FDRiflQAnYFMg05MBP8&sessionId=
76,https://www.zhipin.com/job_detail/6178cee59a9338f81HV93929FVtV.html?lid=6HscCcAfAbX.search.10&securityId=KYboULmYutV1q-21NI1b8L1xb7HGpc-M09sZQCWjTfHf5RJ2wbcYy9yGhlwNCHIuUIj2lCB0KfHd1sPV_P1ewJn3fNMI7ljYsrnatjnBMNeNuAOP091s2zrPKqparFL-mCNQPOMl5sUv2A~~&sessionId=
76,https://www.zhipin.com/job_detail/3e5de8a21e0e8d061HZ409W6ElJW.html?lid=6HscCcAfAbX.search.11&securityId=ofwLftcaD17Df-M11ExxIfOlXRRKqoHRi2ZhOAYcQwt8gZfCHf9IJ2AZMxy1C7uRHKZpixs4f1awOrBgxhKn-GYPE9rmtF4BhWiIvD62UAPKxpo1wc0KAYwuUiCL1ZhMqVgBFaQbcH0KWA~~&sessionId=
76,https://www.zhipin.com/job_detail/155b12d6e11d4f721X193tq_EVRZ.html?lid=6HscCcAfAbX.search.12&securityId=gWCJDIYeFqVHu-p1_kqcLTuxVi4V2qBs35gSE7MolVP89qpS34rxQASvExTOdNFhee-OJTOuXdqkNokhYRCGhLb_PLiuVGGH1chV-a2l1BtNpx4DiLAOKp6gBfk4jxO2oFiItg5zm-Hao7Y~&sessionId=
76,https://www.zhipin.com/job_detail/e44b4b02f29512b01XFy3Nm5FVtU.html?lid=6HscCcAfAbX.search.13&securityId=75tJ07C7gRQYk-11VmlaWuRzRHm8F5Vp22c0F67omaDbEE0ogkeCo7LccwY5BVr2rFzUdTe2qBtWfaNHRZgo-nH6HmapR4a_KJMDAPGAYKq9vsJjqV-817BeTvLFc9gpGbB3laAX2TOY&sessionId=
76,https://www.zhipin.com/job_detail/449c3a3e0c32716e1HJ-09q6GFRR.html?lid=6HscCcAfAbX.search.14&securityId=Yehx8IgUUGiEQ-O1TqJvhQleJ27Zfy7jPj2cCaV7IcJx4mabuTsfSJH_bn_zOmgoS8Z5m1cA5xwE1oU7k5aHWQ0nAMc0KPs60c8i3vGNqabFR9UFW1n83eROqDIUrnxc5kBJAnW-NPY~&sessionId=
76,https://www.zhipin.com/job_detail/219a5b3cb44fb00b1HRz3928ElBX.html?lid=6HscCcAfAbX.search.15&securityId=w3fBtymzKN8mg-q1yT3K428ptNDraq1hpz4S-pVZUfiRWQzyhNr6-7MtUKYeq2mgZNYc2tzbpZv83NKgWJ7iT_3xmb4K7yk0DwBtJfbidQuX97Ucl9wb95r0lQW8VGUv5coDNWlHise8&sessionId=
76,https://www.zhipin.com/job_detail/f6683899f83eee0b03R42N60EVRZ.html?lid=6HscCcAfAbX.search.16&securityId=YiTpnjqhIAPvy-c1QKt8tMvzADFydIN4rQKyirjSLZpzXCJzYp6eVtP9izznOPuawBnxnepp8_ftyZzH0sNetOofwfW3Hmw2EBtCXB36r4ADUCjN0gTjERD3RvQcvsHbLgwjBHgGFR2MvLxOYBBNLOjgGHt_Oxl0rM2iQpupSrMvxPpLNw~~&sessionId=
76,https://www.zhipin.com/job_detail/7fec6c6eea7085451H1z2Ny5EVVW.html?lid=6HscCcAfAbX.search.17&securityId=b1umHy7akc48k-213B6yMuPdiW-SXKcD_WM7TpeC3C4DRkBKzaZYqI1pGiJsUGwBEHPixgnwl6kpGEaYwXdU-oYJehwhRl-N6WksEOjA01KTelVgqKGPtm0EkzXpGsi_5Aha6BWOVWAaOg~~&sessionId=
76,https://www.zhipin.com/job_detail/b060b8959edd1cae1nV-3N-1FlRR.html?lid=6HscCcAfAbX.search.18&securityId=cmUVl2ch3nbTv-P1k0GdDOE3UxpWoP2xIK1XngYEFTGerOQbyJatyxKc9YrOOL9epI8An9nD_9glt3mk6-UujPHCQXTpf0vrgJyKR-2v-Q-46_KfrYt-xWGYi7kK7yju6TXjYAIVvJ-3&sessionId=
76,https://www.zhipin.com/job_detail/b3dcf77ea58ad8a21HJy3Nm1EltX.html?lid=6HscCcAfAbX.search.19&securityId=tlSsHOlcuBUtk-a1ywbQPDI5cAKfP63k_buFRNRv0yOYWNbREFiOx4bv8igFs3izf4s7dAL3IFq4OvBIQntD57D0gcqyOJhaVQhK7yCFJxAoT5lhaPybRxD3_LPjqqVTVATWrbpCywQFBDI~&sessionId=
76,https://www.zhipin.com/job_detail/acb5f2acced241c71HNz3N-8FlZX.html?lid=6HscCcAfAbX.search.20&securityId=aqLOlLEm7CWJn-u1i8wupWSZEDL1-kgR2ynreQ0zD7pdP1Kj0kfRudSsuyOqCUtwf2ZfVZCCqI5WW6nqrutK5ROx-Bfpf2ete9Iy6OgKzbDvHH2VAcyIBNFYvsEzmJwktGOgKwP7h4meYQ~~&sessionId=
79,https://www.zhipin.com/job_detail/79f95f8865fc3ecc03Ry2t28F1RQ.html?lid=6HrFae8QItl.search.1&securityId=kYdjYsFQH7MkY-F1J4IRwac7-dbvPNBl48okxUFPox0JW2saA7SUQq3casEZYPTgHiki5OqCiWXoXyIXib7B9yzNmHNZJGB0NaT73HWLFbvDMk4lL9f3aPNy5_hCrriSfjL8mA~~&sessionId=
79,https://www.zhipin.com/job_detail/555fe078bd6345131H1y3di6EldR.html?lid=6HrFae8QItl.search.2&securityId=IWNQoFZE-J7bR-o1upr-tEYudOkUehTdZfcFz7-dGzfI37EOWP7UIegWAp56xXN0ndp2dkdmgk7X7JUlzpxNbg9KSdcNW5bB8uMrNMMirG0LwRhKySAZNs72nHEwMQOvYlbt0XwoITVpPg~~&sessionId=
79,https://www.zhipin.com/job_detail/ed041b0fd9a9b9101H162N27ElZU.html?lid=6HrFae8QItl.search.3&securityId=yGXku9Td-YJF2-x1MoSR0bNcR8Qy0Eiyjp1dDNx1C1ZjXQt-oNxuLu1Ae8oeMbOViqYOvdo31BsZFiB5fZeMCB2WMc9a_deNaTljGyHtDBxUQqUDzu58gEyT-GH5QuQBd4N8TuZrA_Co&sessionId=
79,https://www.zhipin.com/job_detail/b2d28f0242e2493203R70ti7FFZX.html?lid=6HrFae8QItl.search.4&securityId=nEVAelRxkLMwB-g1pLDUJiSJgScm6Re3jz_EH3TzsPX0Bo8jMw6TKUhi0zk3BIT8Cl_wG0twIu9-9xrZe5Q_lMrDPP_dAoI3hvuYhKWBm0SGmTAwbROUujQVq7zJPM1DjKeZ6nkHum8yNoo~&sessionId=
79,https://www.zhipin.com/job_detail/5be0be9bb013463703R52Ny0F1JV.html?lid=6HrFae8QItl.search.5&securityId=j5Oiq6WNn8pc7-C1bdtd_5UQR3RL7jnbRZpkniycnsSeHnfvQyLHJxd69sjBZ89uYEZ9HNAxs_3n3vVKg-LEFnZs7Pe5STbvMEhL16TK3Ey03hRZAPombcLxmqYQId-YKJY18g~~&sessionId=
79,https://www.zhipin.com/job_detail/7ade4f26928137c71H163d28E1JY.html?lid=6HrFae8QItl.search.6&securityId=FwNbx0f1QV5Ik-Q1mhqo8XDw8CCEDnBsAQcxszUHHhwokogwwRWSAIdO5By4XP1CAbfjIscBsY6dUeUberrbN9nkUtpTCZF9VcXo4sWWy4b9m6Mw-qHTRjVjAQfyhMqfBt49xQ6LWhtW&sessionId=
79,https://www.zhipin.com/job_detail/8fac512c7a0727001HZz2dm8F1dW.html?lid=6HrFae8QItl.search.7&securityId=1hls1vlANl0OW-115E4yIVYf8uwCefrIOXO-LGBbTWBmV5eiqj2YAFBRQK7SLvdyyCeLD3n07hLMEDpV3UE03xCPWqLjgDkznP_Kb41msOqseD0qXqTLgu8P-wX0SVSbLv5QJEsfc6Az&sessionId=
